Account_date,forecast,wh_name,wh_code,sku_code,sku_name,sales_qty,MAE,MAPE,RMSPE
2020-03-11,6.0,杭州配送中心,001,01100,金手指,6.9399999999999995,0.9399999999999995,0.019349526554137495,0.3552866046286734
2020-03-12,6.0,杭州配送中心,001,01100,金手指,5.12,0.8799999999999999,0.024553571428571425,0.33260873624811993
2020-03-13,6.0,杭州配送中心,001,01100,金手指,0.0,6.0,inf,2.2677868380553634
2020-03-14,6.0,杭州配送中心,001,01100,金手指,7.369999999999999,1.3699999999999992,0.026555534018220573,0.517811328022641
2020-03-15,5.0,杭州配送中心,001,01100,金手指,4.87,0.1299999999999999,0.003813435024933995,0.0491353814911995
2020-03-16,6.0,杭州配送中心,001,01100,金手指,7.1499999999999995,1.1499999999999995,0.02297702297702297,0.4346591439606111
2020-03-17,8.0,杭州配送中心,001,01100,金手指,3.13,4.87,0.22227293473299864,1.8406869835549367
2020-03-11,54.0,杭州配送中心,001,01270,冰糖木瓜,51.701600000000006,2.298399999999994,0.006350729129134422,0.8687135447644055
2020-03-12,53.0,杭州配送中心,001,01270,冰糖木瓜,46.43,6.57,0.020214762622688533,2.483226587670623
2020-03-13,52.0,杭州配送中心,001,01270,冰糖木瓜,21.75,30.25,0.1986863711001642,11.433425308529124
2020-03-14,54.0,杭州配送中心,001,01270,冰糖木瓜,65.1368,11.136799999999994,0.024425078121298988,4.209314743009159
2020-03-15,52.0,杭州配送中心,001,01270,冰糖木瓜,53.31999999999999,1.3199999999999932,0.0035365984353230985,0.49891310437217734
2020-03-16,55.0,杭州配送中心,001,01270,冰糖木瓜,45.43000000000001,9.569999999999993,0.030093393289519172,3.617120006698302
2020-03-17,53.0,杭州配送中心,001,01270,冰糖木瓜,38.134499999999996,14.865500000000004,0.05568823131659935,5.6186308735186685
2020-03-11,3.0,杭州配送中心,001,01300,晴王葡萄,4.94,1.9400000000000004,0.056101792943898214,0.733251077637901
2020-03-12,3.0,杭州配送中心,001,01300,晴王葡萄,3.8900000000000006,0.8900000000000006,0.03268453911127435,0.33638838097821244
2020-03-13,3.0,杭州配送中心,001,01300,晴王葡萄,4.27,1.2699999999999996,0.04248912679826028,0.4800148807217184
2020-03-14,3.0,杭州配送中心,001,01300,晴王葡萄,3.7199999999999998,0.7199999999999998,0.027649769585253448,0.2721344205666435
2020-03-15,3.0,杭州配送中心,001,01300,晴王葡萄,4.279999999999999,1.2799999999999994,0.04272363150867823,0.48379452545181056
2020-03-16,3.0,杭州配送中心,001,01300,晴王葡萄,19.049999999999997,16.049999999999997,0.12035995500562428,6.066329791798096
2020-03-17,3.0,杭州配送中心,001,01300,晴王葡萄,1.0,2.0,0.2857142857142857,0.7559289460184544
2020-03-11,5.0,杭州配送中心,001,02100,智利油桃,6.25,1.25,0.028571428571428574,0.472455591261534
2020-03-12,4.0,杭州配送中心,001,02100,智利油桃,3.6500000000000004,0.34999999999999964,0.013698630136986287,0.1322875655532294
2020-03-13,3.0,杭州配送中心,001,02100,智利油桃,4.27,1.2699999999999996,0.04248912679826028,0.4800148807217184
2020-03-14,5.0,杭州配送中心,001,02100,智利油桃,5.34,0.33999999999999986,0.009095773140716957,0.1285079208231372
2020-03-15,4.0,杭州配送中心,001,02100,智利油桃,8.52,4.52,0.07578806170355466,1.7083994180017068
2020-03-16,5.0,杭州配送中心,001,02100,智利油桃,,,,
2020-03-17,4.0,杭州配送中心,001,02100,智利油桃,,,,
2020-03-11,377.0,杭州配送中心,001,03080,士多别瑞草莓,439.804,62.803999999999974,0.0203999963620158,23.7376807628715
2020-03-12,387.0,杭州配送中心,001,03080,士多别瑞草莓,365.5491000000002,21.45089999999982,0.008383044263313077,8.107678114073565
2020-03-13,389.0,杭州配送中心,001,03080,士多别瑞草莓,495.9724,106.9724,0.030811737565581122,40.43176679253226
2020-03-14,375.0,杭州配送中心,001,03080,士多别瑞草莓,849.3090000000001,474.3090000000001,0.07978065529910619,179.2719512285336
2020-03-15,405.0,杭州配送中心,001,03080,士多别瑞草莓,733.4377999999999,328.4377999999999,0.06397227646882354,124.13781999330995
2020-03-16,375.0,杭州配送中心,001,03080,士多别瑞草莓,500.7887,125.7887,0.03588302668513544,47.54365970601578
2020-03-17,351.0,杭州配送中心,001,03080,士多别瑞草莓,551.35,200.35000000000002,0.051911541799997414,75.72518216739869
2020-03-11,3557.0,杭州配送中心,001,03090,奶油草莓,3414.0214999999994,142.97850000000062,0.005982826997428134,54.04079340415003
2020-03-12,3558.0,杭州配送中心,001,03090,奶油草莓,2994.869300000003,563.130699999997,0.02686168737218093,212.8433982608161
2020-03-13,3488.0,杭州配送中心,001,03090,奶油草莓,3793.335800000002,305.3358000000021,0.011498955615793434,115.4060847378516
2020-03-14,3589.0,杭州配送中心,001,03090,奶油草莓,4366.382099999998,777.382099999998,0.025434005355208258,293.82281575330563
2020-03-15,3524.0,杭州配送中心,001,03090,奶油草莓,4134.3431,610.3431,0.02108965543487947,230.6880081463181
2020-03-16,3264.0,杭州配送中心,001,03090,奶油草莓,2839.384400000002,424.6155999999978,0.02136356437986032,160.489611485496
2020-03-17,3414.0,杭州配送中心,001,03090,奶油草莓,3338.7982,75.20179999999982,0.0032176590623878556,28.423608706345238
2020-03-11,526.0,杭州配送中心,001,03110,散装草莓,1853.506999999999,1327.506999999999,0.10231623465293473,501.7504836710598
2020-03-12,521.0,杭州配送中心,001,03110,散装草莓,1607.778,1086.778,0.0965643266669901,410.763474048022
2020-03-13,553.0,杭州配送中心,001,03110,散装草莓,1934.7870000000019,1381.7870000000019,0.10202577485642758,522.2663952660018
2020-03-14,552.0,杭州配送中心,001,03110,散装草莓,2309.225,1757.225,0.10870839474591816,664.1686210836393
2020-03-15,434.0,杭州配送中心,001,03110,散装草莓,2273.48,1839.48,0.11558617500169657,695.2580888110133
2020-03-16,520.0,杭州配送中心,001,03110,散装草莓,1673.1710000000016,1153.1710000000016,0.09845898254614403,435.85766930452417
2020-03-17,524.0,杭州配送中心,001,03110,散装草莓,1838.6420000000012,1314.6420000000012,0.10214386487418435,496.88797072579695
2020-03-11,7.0,杭州配送中心,001,03160,黑莓,0.0,7.0,inf,2.6457513110645907
2020-03-12,6.0,杭州配送中心,001,03160,黑莓,0.0,6.0,inf,2.2677868380553634
2020-03-13,4.0,杭州配送中心,001,03160,黑莓,0.0,4.0,inf,1.5118578920369088
2020-03-14,5.0,杭州配送中心,001,03160,黑莓,0.0,5.0,inf,1.889822365046136
2020-03-15,5.0,杭州配送中心,001,03160,黑莓,0.0,5.0,inf,1.889822365046136
2020-03-16,6.0,杭州配送中心,001,03160,黑莓,0.0,6.0,inf,2.2677868380553634
2020-03-17,6.0,杭州配送中心,001,03160,黑莓,0.0,6.0,inf,2.2677868380553634
2020-03-11,308.0,杭州配送中心,001,03180,好吃怡颗莓,288.89,19.110000000000014,0.009449963653985953,7.222901079206337
2020-03-12,305.0,杭州配送中心,001,03180,好吃怡颗莓,268.97,36.02999999999997,0.019136494245242417,13.618059962522446
2020-03-13,304.0,杭州配送中心,001,03180,好吃怡颗莓,301.8819,2.1181000000000267,0.0010023314226050588,0.8005665502808543
2020-03-14,277.0,杭州配送中心,001,03180,好吃怡颗莓,508.5508,231.55079999999998,0.06504499789261114,87.51797609686497
2020-03-15,306.0,杭州配送中心,001,03180,好吃怡颗莓,416.2071,110.20710000000003,0.03782701311095229,41.654368473375214
2020-03-16,315.0,杭州配送中心,001,03180,好吃怡颗莓,287.7,27.30000000000001,0.013555787278415022,10.318430113151909
2020-03-17,324.0,杭州配送中心,001,03180,好吃怡颗莓,282.6519,41.34809999999999,0.020898042534196398,15.628112826432824
2020-03-11,1621.0,杭州配送中心,001,04170,树顶红,1639.8439999999991,18.84399999999914,0.0016416195686906065,7.122362529385554
2020-03-12,1547.0,杭州配送中心,001,04170,树顶红,1391.536,155.46399999999994,0.015960164061255222,58.75986883190648
2020-03-13,1573.0,杭州配送中心,001,04170,树顶红,1337.9499999999996,235.0500000000004,0.02509703010469113,88.84054938081901
2020-03-14,1747.0,杭州配送中心,001,04170,树顶红,2178.1540000000005,431.15400000000045,0.028277811656764684,162.96089439582053
2020-03-15,1784.0,杭州配送中心,001,04170,树顶红,2336.036,552.0360000000001,0.03375901985854915,208.64999582212178
2020-03-16,1618.0,杭州配送中心,001,04170,树顶红,1738.9399999999987,120.93999999999869,0.009935445074092655,45.71102336573544
2020-03-17,1636.0,杭州配送中心,001,04170,树顶红,2017.8790000000008,381.8790000000008,0.027035388572428255,144.336694988291
2020-03-11,2.0,杭州配送中心,001,04290,黄元帅,,,,
2020-03-12,1.0,杭州配送中心,001,04290,黄元帅,,,,
2020-03-13,2.0,杭州配送中心,001,04290,黄元帅,,,,
2020-03-14,2.0,杭州配送中心,001,04290,黄元帅,1.37,0.6299999999999999,0.0656934306569343,0.2381176179958131
2020-03-15,2.0,杭州配送中心,001,04290,黄元帅,,,,
2020-03-16,1.0,杭州配送中心,001,04290,黄元帅,,,,
2020-03-17,2.0,杭州配送中心,001,04290,黄元帅,,,,
2020-03-11,845.0,杭州配送中心,001,04300,国产蛇果,788.7100000000003,56.289999999999736,0.010195672137323643,21.275620185689302
2020-03-12,833.0,杭州配送中心,001,04300,国产蛇果,526.6991,306.30089999999996,0.08307831061145048,115.77085825075198
2020-03-13,847.0,杭州配送中心,001,04300,国产蛇果,7397.186000000001,6550.186000000001,0.1264995712075994,2475.7375996024184
2020-03-14,826.0,杭州配送中心,001,04300,国产蛇果,3177.756700000002,2351.756700000002,0.10572402942526812,888.8804817614201
2020-03-15,845.0,杭州配送中心,001,04300,国产蛇果,3191.406799999999,2346.406799999999,0.10503235483128362,886.8584096272668
2020-03-16,824.0,杭州配送中心,001,04300,国产蛇果,2898.4960000000005,2074.4960000000005,0.10224494752746648,784.0857873997501
2020-03-17,837.0,杭州配送中心,001,04300,国产蛇果,745.1606000000003,91.83939999999973,0.01760682769018416,34.712030422483515
2020-03-11,13.0,杭州配送中心,001,04520,澳洲水蜜桃,15.78,2.7799999999999994,0.025167481441245695,1.0507412349656515
2020-03-12,12.0,杭州配送中心,001,04520,澳洲水蜜桃,6.67,5.33,0.11415720711073034,2.014550641139181
2020-03-13,13.0,杭州配送中心,001,04520,澳洲水蜜桃,18.220000000000002,5.220000000000002,0.04092833620824841,1.972974549108167
2020-03-14,16.0,杭州配送中心,001,04520,澳洲水蜜桃,15.2,0.8000000000000007,0.00751879699248121,0.30237157840738205
2020-03-15,14.0,杭州配送中心,001,04520,澳洲水蜜桃,21.79,7.789999999999999,0.0510719202779781,2.94434324474188
2020-03-16,14.0,杭州配送中心,001,04520,澳洲水蜜桃,11.399999999999999,2.6000000000000014,0.03258145363408523,0.9827076298239914
2020-03-17,14.0,杭州配送中心,001,04520,澳洲水蜜桃,15.7,1.6999999999999993,0.015468607825295718,0.642539604115686
2020-03-11,344.0,杭州配送中心,001,04930,胭脂红苹果,335.01000000000005,8.989999999999952,0.0038335742643076545,3.397900612352935
2020-03-12,337.0,杭州配送中心,001,04930,胭脂红苹果,217.4,119.6,0.07859114206860296,45.20455097190357
2020-03-13,327.0,杭州配送中心,001,04930,胭脂红苹果,311.68800000000005,15.311999999999955,0.007018007018006997,5.78739201071727
2020-03-14,341.0,杭州配送中心,001,04930,胭脂红苹果,310.15999999999997,30.840000000000032,0.014204650134492814,11.65642434760458
2020-03-15,356.0,杭州配送中心,001,04930,胭脂红苹果,364.4100000000002,8.410000000000196,0.0032969143860722776,3.178681218007675
2020-03-16,349.0,杭州配送中心,001,04930,胭脂红苹果,254.21999999999994,94.78000000000006,0.0532609550782787,35.82347275181458
2020-03-17,360.0,杭州配送中心,001,04930,胭脂红苹果,284.3900000000001,75.6099999999999,0.03798104213027376,28.577893804227635
2020-03-11,10165.0,杭州配送中心,001,05020,鲜丰玉麒麟,12376.377999999995,2211.377999999995,0.025525330824344755,835.822320394197
2020-03-12,9813.0,杭州配送中心,001,05020,鲜丰玉麒麟,10179.928300000005,366.92830000000504,0.005149184456577092,138.68586154167355
2020-03-13,9854.0,杭州配送中心,001,05020,鲜丰玉麒麟,11556.344699999996,1702.344699999996,0.021044033066961003,643.4258174155495
2020-03-14,9557.0,杭州配送中心,001,05020,鲜丰玉麒麟,21110.7897,11553.789700000001,0.0781847296652425,4366.922035219938
2020-03-15,11631.0,杭州配送中心,001,05020,鲜丰玉麒麟,27147.4786,15516.478599999999,0.08165177446718754,5864.677657007951
2020-03-16,10343.0,杭州配送中心,001,05020,鲜丰玉麒麟,13946.2001,3603.2001,0.03690918441852641,1361.8816269432948
2020-03-17,10579.0,杭州配送中心,001,05020,鲜丰玉麒麟,19260.159200000016,8681.159200000016,0.06439020504046515,3281.169762137211
2020-03-11,270.0,杭州配送中心,001,05150,绿宝石香瓜,336.9775000000002,66.97750000000019,0.02839422301404191,25.31511549097559
2020-03-12,286.0,杭州配送中心,001,05150,绿宝石香瓜,250.73269999999994,35.26730000000006,0.020093851796298308,13.329786458958344
2020-03-13,277.0,杭州配送中心,001,05150,绿宝石香瓜,242.9100000000001,34.08999999999989,0.020048577662508674,12.884808884884514
2020-03-14,265.0,杭州配送中心,001,05150,绿宝石香瓜,335.3871999999999,70.3871999999999,0.029981210629726696,26.60386095459504
2020-03-15,305.0,杭州配送中心,001,05150,绿宝石香瓜,337.1759,32.17590000000001,0.013632519829730252,12.1613470870976
2020-03-16,264.0,杭州配送中心,001,05150,绿宝石香瓜,254.84999999999988,9.15000000000012,0.005129067518708554,3.458374928034474
2020-03-17,282.0,杭州配送中心,001,05150,绿宝石香瓜,270.93999999999994,11.06000000000006,0.005831549420535945,4.180287071482075
2020-03-11,2136.0,杭州配送中心,001,05180,冰糖蜜瓜,2278.762000000001,142.76200000000108,0.008949847078620574,53.95896409574371
2020-03-12,2117.0,杭州配送中心,001,05180,冰糖蜜瓜,1958.4207000000001,158.57929999999988,0.011567578771142327,59.9373415546721
2020-03-13,2183.0,杭州配送中心,001,05180,冰糖蜜瓜,2158.4864999999986,24.513500000001386,0.0016224000342039534,9.265232109112215
2020-03-14,2458.0,杭州配送中心,001,05180,冰糖蜜瓜,3044.291999999999,586.291999999999,0.027512472522346704,221.59754680952548
2020-03-15,2503.0,杭州配送中心,001,05180,冰糖蜜瓜,2996.8478999999975,493.8478999999975,0.0235413015121654,186.65696127021258
2020-03-16,2139.0,杭州配送中心,001,05180,冰糖蜜瓜,2073.4609,65.53909999999996,0.0045155076574767165,24.77145139299903
2020-03-17,2240.0,杭州配送中心,001,05180,冰糖蜜瓜,2180.1705000000006,59.82949999999937,0.00392036835126947,22.613425437905324
2020-03-11,12377.0,杭州配送中心,001,05200,沙洲绿宝瓜,13809.549899999998,1432.5498999999982,0.014819453725590685,541.4529680129205
2020-03-12,12559.0,杭州配送中心,001,05200,沙洲绿宝瓜,13717.312699999999,1158.3126999999986,0.012063094753037355,437.80104923539454
2020-03-13,12812.0,杭州配送中心,001,05200,沙洲绿宝瓜,12017.604299999997,794.3957000000028,0.009443238200146132,300.2533521112972
2020-03-14,13141.0,杭州配送中心,001,05200,沙洲绿宝瓜,17114.82890000001,3973.8289000000113,0.03316947228477079,1501.9661460173415
2020-03-15,13105.0,杭州配送中心,001,05200,沙洲绿宝瓜,17507.7661,4402.766100000001,0.03592500505899983,1664.089168769391
2020-03-16,12683.0,杭州配送中心,001,05200,沙洲绿宝瓜,11539.80479999999,1143.1952000000092,0.014152197791075414,432.0871713146816
2020-03-17,12666.0,杭州配送中心,001,05200,沙洲绿宝瓜,12545.61079999999,120.38920000001053,0.0013708744370468325,45.50284053400644
2020-03-11,585.0,杭州配送中心,001,05590,佳沛绿果,764.8415,179.8415,0.03359080653592,67.97369777268894
2020-03-12,591.0,杭州配送中心,001,05590,佳沛绿果,559.31,31.690000000000055,0.008094156830993305,11.977694149662431
2020-03-13,675.0,杭州配送中心,001,05590,佳沛绿果,645.57,29.42999999999995,0.006512517177510892,11.123494440661538
2020-03-14,604.0,杭州配送中心,001,05590,佳沛绿果,735.14,131.14,0.025483970011542987,49.56626099043005
2020-03-15,602.0,杭州配送中心,001,05590,佳沛绿果,965.6800000000001,363.68000000000006,0.05380072665301727,137.45811954399576
2020-03-16,576.0,杭州配送中心,001,05590,佳沛绿果,770.85,194.85000000000002,0.036110416145442414,73.64637756584793
2020-03-17,539.0,杭州配送中心,001,05590,佳沛绿果,802.4999999999999,263.4999999999999,0.046906987093902966,99.59363863793133
2020-03-11,16.0,杭州配送中心,001,05990,博洋香瓜,3.72,12.28,0.47158218125960055,4.6414037285533105
2020-03-12,15.0,杭州配送中心,001,05990,博洋香瓜,4.04,10.96,0.38755304101838756,4.14249062418113
2020-03-13,15.0,杭州配送中心,001,05990,博洋香瓜,8.139999999999999,6.860000000000001,0.12039312039312043,2.5928362848432993
2020-03-14,15.0,杭州配送中心,001,05990,博洋香瓜,3.69,11.31,0.4378629500580721,4.27477818973436
2020-03-15,15.0,杭州配送中心,001,05990,博洋香瓜,7.17,7.83,0.15600717274357442,2.959461823662249
2020-03-16,15.0,杭州配送中心,001,05990,博洋香瓜,8.74,6.26,0.10232101994115723,2.3660576010377623
2020-03-17,14.0,杭州配送中心,001,05990,博洋香瓜,3.59,10.41,0.41424592120970954,3.9346101640260556
2020-03-11,77.0,杭州配送中心,001,06010,伽俐果,55.74,21.259999999999998,0.05448767235634834,8.035524696176171
2020-03-12,84.0,杭州配送中心,001,06010,伽俐果,28.45,55.55,0.27893547577203115,20.99592647566257
2020-03-13,74.0,杭州配送中心,001,06010,伽俐果,38.08,35.92,0.13475390156062425,13.576483870491442
2020-03-14,74.0,杭州配送中心,001,06010,伽俐果,50.97,23.03,0.06454777319992153,8.704521813402502
2020-03-15,75.0,杭州配送中心,001,06010,伽俐果,82.08000000000001,7.0800000000000125,0.012322472848788657,2.6759884689053335
2020-03-16,89.0,杭州配送中心,001,06010,伽俐果,69.89,19.11,0.03906138217198455,7.222901079206332
2020-03-17,87.0,杭州配送中心,001,06010,伽俐果,77.28999999999999,9.710000000000008,0.017947248766242183,3.6700350329195994
2020-03-11,2.0,杭州配送中心,001,06040,国产世界一号,0.0,2.0,inf,0.7559289460184544
2020-03-12,2.0,杭州配送中心,001,06040,国产世界一号,0.0,2.0,inf,0.7559289460184544
2020-03-13,2.0,杭州配送中心,001,06040,国产世界一号,0.0,2.0,inf,0.7559289460184544
2020-03-14,2.0,杭州配送中心,001,06040,国产世界一号,0.0,2.0,inf,0.7559289460184544
2020-03-15,2.0,杭州配送中心,001,06040,国产世界一号,0.0,2.0,inf,0.7559289460184544
2020-03-16,2.0,杭州配送中心,001,06040,国产世界一号,0.0,2.0,inf,0.7559289460184544
2020-03-17,2.0,杭州配送中心,001,06040,国产世界一号,0.0,2.0,inf,0.7559289460184544
2020-03-11,34.0,杭州配送中心,001,06060,美国红玫瑰,37.92000000000001,3.920000000000009,0.014767932489451506,1.481620734196174
2020-03-12,36.0,杭州配送中心,001,06060,美国红玫瑰,38.230000000000004,2.230000000000004,0.008333021934905286,0.8428607748105782
2020-03-13,39.0,杭州配送中心,001,06060,美国红玫瑰,35.96,3.039999999999999,0.012076910853329093,1.1490119979480504
2020-03-14,42.0,杭州配送中心,001,06060,美国红玫瑰,47.02,5.020000000000003,0.01525186850580301,1.8973816545063218
2020-03-15,43.0,杭州配送中心,001,06060,美国红玫瑰,67.08000000000001,24.080000000000013,0.0512820512820513,9.101384510062196
2020-03-16,40.0,杭州配送中心,001,06060,美国红玫瑰,57.02000000000001,17.02000000000001,0.04264167961116402,6.432955330617051
2020-03-17,41.0,杭州配送中心,001,06060,美国红玫瑰,64.63000000000001,23.63000000000001,0.05223138303751024,8.931300497208042
2020-03-11,36.0,杭州配送中心,001,06120,火箭筒苹果,53.0,17.0,0.04582210242587601,6.425396041156863
2020-03-12,36.0,杭州配送中心,001,06120,火箭筒苹果,30.0,6.0,0.028571428571428574,2.2677868380553634
2020-03-13,36.0,杭州配送中心,001,06120,火箭筒苹果,32.0,4.0,0.017857142857142856,1.5118578920369088
2020-03-14,36.0,杭州配送中心,001,06120,火箭筒苹果,44.2,8.200000000000003,0.026502908855850042,3.0993086786756647
2020-03-15,37.0,杭州配送中心,001,06120,火箭筒苹果,63.0,26.0,0.058956916099773236,9.827076298239907
2020-03-16,38.0,杭州配送中心,001,06120,火箭筒苹果,43.0,5.0,0.016611295681063124,1.889822365046136
2020-03-17,36.0,杭州配送中心,001,06120,火箭筒苹果,33.0,3.0,0.012987012987012988,1.1338934190276817
2020-03-11,1.0,杭州配送中心,001,06130,澳洲无籽红提,,,,
2020-03-12,1.0,杭州配送中心,001,06130,澳洲无籽红提,,,,
2020-03-13,1.0,杭州配送中心,001,06130,澳洲无籽红提,,,,
2020-03-14,1.0,杭州配送中心,001,06130,澳洲无籽红提,156.76599999999996,155.76599999999996,0.14194586654176106,58.874014102755275
2020-03-15,1.0,杭州配送中心,001,06130,澳洲无籽红提,115.91800000000003,114.91800000000003,0.1416247445854582,43.43492130927439
2020-03-16,1.0,杭州配送中心,001,06130,澳洲无籽红提,259.33600000000007,258.33600000000007,0.1423062855027565,97.64183009931176
2020-03-17,1.0,杭州配送中心,001,06130,澳洲无籽红提,237.83439999999985,236.83439999999985,0.14225648482425465,89.51498918645646
2020-03-11,2.0,杭州配送中心,001,06150,智利黑提,3.7699999999999996,1.7699999999999996,0.06707086017430844,0.668997117226332
2020-03-12,2.0,杭州配送中心,001,06150,智利黑提,,,,
2020-03-13,2.0,杭州配送中心,001,06150,智利黑提,,,,
2020-03-14,2.0,杭州配送中心,001,06150,智利黑提,,,,
2020-03-15,2.0,杭州配送中心,001,06150,智利黑提,1.3,0.7,0.07692307692307691,0.264575131106459
2020-03-16,2.0,杭州配送中心,001,06150,智利黑提,,,,
2020-03-17,2.0,杭州配送中心,001,06150,智利黑提,2.7,0.7000000000000002,0.03703703703703704,0.26457513110645914
2020-03-11,880.0,杭州配送中心,001,06200,南非黑提,807.771200000001,72.22879999999896,0.012773914197485425,27.299920328088476
2020-03-12,891.0,杭州配送中心,001,06200,南非黑提,674.7000000000007,216.29999999999927,0.04579813250333461,81.75371551189558
2020-03-13,958.0,杭州配送中心,001,06200,南非黑提,887.9501000000009,70.04989999999907,0.011269922230346535,26.476373537848716
2020-03-14,955.0,杭州配送中心,001,06200,南非黑提,1144.4846000000011,189.48460000000114,0.02365189411148801,71.61844698236465
2020-03-15,956.0,杭州配送中心,001,06200,南非黑提,1057.0307000000003,101.03070000000025,0.013654245938984719,38.186015283253425
2020-03-16,873.0,杭州配送中心,001,06200,南非黑提,857.141200000001,15.85879999999895,0.0026431384434008123,5.994062984558337
2020-03-17,872.0,杭州配送中心,001,06200,南非黑提,891.9715000000008,19.971500000000788,0.003198612767976935,7.548517472704079
2020-03-11,13.0,杭州配送中心,001,06220,秘鲁红提,11.540000000000001,1.459999999999999,0.01807378063877196,0.5518281305934715
2020-03-12,14.0,杭州配送中心,001,06220,秘鲁红提,17.76,3.7600000000000016,0.030244530244530252,1.421146418514695
2020-03-13,16.0,杭州配送中心,001,06220,秘鲁红提,17.64,1.6400000000000006,0.013281503077421448,0.6198617357351329
2020-03-14,15.0,杭州配送中心,001,06220,秘鲁红提,17.41,2.41,0.01977517026339542,0.9108943799522377
2020-03-15,18.0,杭州配送中心,001,06220,秘鲁红提,27.569999999999997,9.569999999999997,0.04958806155759365,3.617120006698303
2020-03-16,17.0,杭州配送中心,001,06220,秘鲁红提,10.17,6.83,0.09594044107318443,2.581497350653022
2020-03-17,14.0,杭州配送中心,001,06220,秘鲁红提,10.709999999999999,3.290000000000001,0.04388422035480861,1.243503116200358
2020-03-11,3.0,杭州配送中心,001,06290,蜜汁澳芒,,,,
2020-03-12,3.0,杭州配送中心,001,06290,蜜汁澳芒,,,,
2020-03-13,3.0,杭州配送中心,001,06290,蜜汁澳芒,,,,
2020-03-14,3.0,杭州配送中心,001,06290,蜜汁澳芒,,,,
2020-03-15,3.0,杭州配送中心,001,06290,蜜汁澳芒,1.45,1.55,0.15270935960591134,0.5858449331643022
2020-03-16,3.0,杭州配送中心,001,06290,蜜汁澳芒,,,,
2020-03-17,3.0,杭州配送中心,001,06290,蜜汁澳芒,,,,
2020-03-11,1064.0,杭州配送中心,001,06380,水仙芒,1257.2396999999996,193.23969999999963,0.021957365352503092,73.03774137496103
2020-03-12,998.0,杭州配送中心,001,06380,水仙芒,1235.7299999999996,237.72999999999956,0.027482887500852548,89.85349416848342
2020-03-13,986.0,杭州配送中心,001,06380,水仙芒,1645.863200000001,659.8632000000009,0.05727460911002293,249.40484664618265
2020-03-14,1014.0,杭州配送中心,001,06380,水仙芒,2284.7780999999995,1270.7780999999995,0.07945617500948059,480.30897487816685
2020-03-15,1081.0,杭州配送中心,001,06380,水仙芒,1846.3444000000004,765.3444000000004,0.059216966393547336,289.2729928165634
2020-03-16,1020.0,杭州配送中心,001,06380,水仙芒,1432.760000000001,412.7600000000009,0.04115533256491972,156.00861587928895
2020-03-17,1030.0,杭州配送中心,001,06380,水仙芒,1642.3939999999998,612.3939999999998,0.05326666874261421,231.4631754840126
2020-03-11,1.0,杭州配送中心,001,06510,泰国金柚,0.0,1.0,inf,0.3779644730092272
2020-03-12,1.0,杭州配送中心,001,06510,泰国金柚,0.0,1.0,inf,0.3779644730092272
2020-03-13,1.0,杭州配送中心,001,06510,泰国金柚,0.0,1.0,inf,0.3779644730092272
2020-03-14,1.0,杭州配送中心,001,06510,泰国金柚,0.0,1.0,inf,0.3779644730092272
2020-03-15,1.0,杭州配送中心,001,06510,泰国金柚,0.0,1.0,inf,0.3779644730092272
2020-03-16,2.0,杭州配送中心,001,06510,泰国金柚,0.0,2.0,inf,0.7559289460184544
2020-03-17,1.0,杭州配送中心,001,06510,泰国金柚,0.0,1.0,inf,0.3779644730092272
2020-03-11,1.0,杭州配送中心,001,06530,甄选爱妃苹果,,,,
2020-03-12,1.0,杭州配送中心,001,06530,甄选爱妃苹果,,,,
2020-03-13,1.0,杭州配送中心,001,06530,甄选爱妃苹果,,,,
2020-03-14,1.0,杭州配送中心,001,06530,甄选爱妃苹果,,,,
2020-03-15,1.0,杭州配送中心,001,06530,甄选爱妃苹果,-1.0,2.0,0.2857142857142857,0.7559289460184544
2020-03-16,1.0,杭州配送中心,001,06530,甄选爱妃苹果,0.94,0.06000000000000005,0.00911854103343466,0.02267786838055365
2020-03-17,1.0,杭州配送中心,001,06530,甄选爱妃苹果,,,,
2020-03-11,822.0,杭州配送中心,001,06540,美国橙,906.4719999999996,84.47199999999964,0.013312522142359087,31.927414964035307
2020-03-12,856.0,杭州配送中心,001,06540,美国橙,790.9979999999998,65.00200000000018,0.011739599847281571,24.568446674545857
2020-03-13,891.0,杭州配送中心,001,06540,美国橙,790.7639999999991,100.2360000000009,0.01810834657550004,37.88564691655324
2020-03-14,856.0,杭州配送中心,001,06540,美国橙,1011.7859999999997,155.78599999999972,0.02199589918929776,58.881573392215365
2020-03-15,919.0,杭州配送中心,001,06540,美国橙,1111.0339999999999,192.03399999999988,0.024691799325158865,72.58202960985389
2020-03-16,827.0,杭州配送中心,001,06540,美国橙,752.8819999999998,74.11800000000017,0.014063672281029086,28.013970810497966
2020-03-17,831.0,杭州配送中心,001,06540,美国橙,843.0819999999998,12.081999999999766,0.0020472504453896145,4.566566762897395
2020-03-11,1.0,杭州配送中心,001,06610,台湾红宝石,0.0,1.0,inf,0.3779644730092272
2020-03-12,1.0,杭州配送中心,001,06610,台湾红宝石,0.0,1.0,inf,0.3779644730092272
2020-03-13,1.0,杭州配送中心,001,06610,台湾红宝石,0.0,1.0,inf,0.3779644730092272
2020-03-14,1.0,杭州配送中心,001,06610,台湾红宝石,0.0,1.0,inf,0.3779644730092272
2020-03-15,1.0,杭州配送中心,001,06610,台湾红宝石,0.0,1.0,inf,0.3779644730092272
2020-03-16,1.0,杭州配送中心,001,06610,台湾红宝石,0.0,1.0,inf,0.3779644730092272
2020-03-17,2.0,杭州配送中心,001,06610,台湾红宝石,0.0,2.0,inf,0.7559289460184544
2020-03-11,1.0,杭州配送中心,001,06650,青啤梨,5.45,4.45,0.11664482306684142,1.6819419048910613
2020-03-12,1.0,杭州配送中心,001,06650,青啤梨,1.66,0.6599999999999999,0.056798623063683294,0.24945655218608995
2020-03-13,1.0,杭州配送中心,001,06650,青啤梨,,,,
2020-03-14,1.0,杭州配送中心,001,06650,青啤梨,,,,
2020-03-15,1.0,杭州配送中心,001,06650,青啤梨,,,,
2020-03-16,1.0,杭州配送中心,001,06650,青啤梨,,,,
2020-03-17,1.0,杭州配送中心,001,06650,青啤梨,2.25,1.25,0.07936507936507937,0.472455591261534
2020-03-11,1455.0,杭州配送中心,001,06740,澳洲油桃,1686.5139999999992,231.5139999999992,0.019610527141445892,87.50406700425793
2020-03-12,1478.0,杭州配送中心,001,06740,澳洲油桃,1152.2939999999994,325.7060000000006,0.0403798237007471,123.10529664594358
2020-03-13,1438.0,杭州配送中心,001,06740,澳洲油桃,1305.5919999999992,132.4080000000008,0.014488008942631924,50.04551994220607
2020-03-14,1496.0,杭州配送中心,001,06740,澳洲油桃,1799.3862999999985,303.3862999999985,0.024086489932706404,114.66924299771877
2020-03-15,1520.0,杭州配送中心,001,06740,澳洲油桃,1809.670399999999,289.67039999999906,0.022866863332839837,109.4851200823717
2020-03-16,1436.0,杭州配送中心,001,06740,澳洲油桃,1455.535799999999,19.53579999999897,0.0019173891644770444,7.383838351813273
2020-03-17,1327.0,杭州配送中心,001,06740,澳洲油桃,1614.9738000000002,287.9738000000002,0.025473549035726965,108.84386555746468
2020-03-11,1453.0,杭州配送中心,001,06790,网纹瓜,1120.6479999999997,332.3520000000003,0.042367324211400194,125.61724853356282
2020-03-12,1483.0,杭州配送中心,001,06790,网纹瓜,838.6819999999998,644.3180000000002,0.10975009428058384,243.52931332035934
2020-03-13,1451.0,杭州配送中心,001,06790,网纹瓜,967.6899999999996,483.3100000000004,0.07134959099947896,182.67400945008978
2020-03-14,1665.0,杭州配送中心,001,06790,网纹瓜,1424.3799999999997,240.62000000000035,0.024132805651782368,90.94581149548038
2020-03-15,1826.0,杭州配送中心,001,06790,网纹瓜,1437.178399999999,388.8216000000009,0.038649302589812806,146.9607511386049
2020-03-16,1507.0,杭州配送中心,001,06790,网纹瓜,903.912,603.088,0.09531395597295818,227.94583809818883
2020-03-17,1535.0,杭州配送中心,001,06790,网纹瓜,880.946,654.054,0.10606357905511314,247.2091754295771
2020-03-11,95.0,杭州配送中心,001,06800,美国血橙,98.7719,3.7719000000000023,0.005455426666317621,1.425644195743505
2020-03-12,97.0,杭州配送中心,001,06800,美国血橙,84.44000000000001,12.559999999999988,0.021249238681735106,4.747233780995889
2020-03-13,98.0,杭州配送中心,001,06800,美国血橙,95.52,2.480000000000004,0.0037090212969610016,0.937351893062885
2020-03-14,96.0,杭州配送中心,001,06800,美国血橙,109.38999999999997,13.389999999999972,0.017486581432097446,5.0609442935935425
2020-03-15,100.0,杭州配送中心,001,06800,美国血橙,185.624,85.624,0.06589665129509115,32.36283003694207
2020-03-16,92.0,杭州配送中心,001,06800,美国血橙,111.39999999999999,19.39999999999999,0.024878173890741206,7.332510776379005
2020-03-17,95.0,杭州配送中心,001,06800,美国血橙,132.60999999999999,37.609999999999985,0.04051622911437404,14.21524382987703
2020-03-11,530.0,杭州配送中心,001,06810,白玉指青提,592.2760000000005,62.27600000000052,0.015020989249220795,23.538115521122833
2020-03-12,539.0,杭州配送中心,001,06810,白玉指青提,558.96,19.960000000000036,0.005101310597231602,7.544170881264189
2020-03-13,548.0,杭州配送中心,001,06810,白玉指青提,702.9571000000002,154.9571000000002,0.03149086704071784,58.568278640538196
2020-03-14,550.0,杭州配送中心,001,06810,白玉指青提,1003.5440000000003,453.5440000000003,0.06456318806151004,171.42351894649707
2020-03-15,553.0,杭州配送中心,001,06810,白玉指青提,992.0028000000009,439.0028000000009,0.0632202708644429,165.9274619515755
2020-03-16,528.0,杭州配送中心,001,06810,白玉指青提,619.1197999999999,91.11979999999994,0.0210251946161539,34.44004718770616
2020-03-17,517.0,杭州配送中心,001,06810,白玉指青提,615.4160000000003,98.41600000000028,0.02284540631284953,37.197751575676214
2020-03-11,122.0,杭州配送中心,001,06850,百香果（盒）,149.1708,27.170800000000014,0.026020795337578527,10.269597103239116
2020-03-12,122.0,杭州配送中心,001,06850,百香果（盒）,137.5,15.5,0.016103896103896103,5.858449331643022
2020-03-13,121.0,杭州配送中心,001,06850,百香果（盒）,166.2417,45.24170000000001,0.03887773043706844,17.09975529854156
2020-03-14,131.0,杭州配送中心,001,06850,百香果（盒）,213.53260000000003,82.53260000000003,0.05521579107158079,31.194390665081357
2020-03-15,130.0,杭州配送中心,001,06850,百香果（盒）,189.5,59.5,0.044854881266490766,22.48888614404902
2020-03-16,122.0,杭州配送中心,001,06850,百香果（盒）,153.0,31.0,0.028944911297852476,11.716898663286043
2020-03-17,119.0,杭州配送中心,001,06850,百香果（盒）,167.9666,48.9666,0.04164654503590935,18.507635164053625
2020-03-11,3.0,杭州配送中心,001,06860,黄金火龙果,1.0,2.0,0.2857142857142857,0.7559289460184544
2020-03-12,3.0,杭州配送中心,001,06860,黄金火龙果,3.0,0.0,0.0,0.0
2020-03-13,3.0,杭州配送中心,001,06860,黄金火龙果,1.63,1.37,0.12007011393514463,0.5178113280226413
2020-03-14,3.0,杭州配送中心,001,06860,黄金火龙果,3.0,0.0,0.0,0.0
2020-03-15,3.0,杭州配送中心,001,06860,黄金火龙果,4.18,1.1799999999999997,0.0403280929596719,0.44599807815088804
2020-03-16,2.0,杭州配送中心,001,06860,黄金火龙果,,,,
2020-03-17,3.0,杭州配送中心,001,06860,黄金火龙果,1.0,2.0,0.2857142857142857,0.7559289460184544
2020-03-11,73.0,杭州配送中心,001,06910,鸡心李,101.13000000000002,28.130000000000024,0.03973668969219253,10.632140625749571
2020-03-12,66.0,杭州配送中心,001,06910,鸡心李,72.07999999999998,6.079999999999984,0.012050103060091933,2.2980239958960955
2020-03-13,83.0,杭州配送中心,001,06910,鸡心李,121.28,38.28,0.045090463626083675,14.46848002679322
2020-03-14,74.0,杭州配送中心,001,06910,鸡心李,150.77000000000004,76.77000000000004,0.07274088251736326,29.01633259291839
2020-03-15,84.0,杭州配送中心,001,06910,鸡心李,149.84,65.84,0.06277171840439326,24.885180902927523
2020-03-16,75.0,杭州配送中心,001,06910,鸡心李,114.63000000000002,39.630000000000024,0.049388716491569166,14.978732065355684
2020-03-17,73.0,杭州配送中心,001,06910,鸡心李,78.50999999999999,5.509999999999991,0.010026020343177377,2.0825842462808386
2020-03-11,64.0,杭州配送中心,001,06920,紫玫瑰李,94.21099999999996,30.210999999999956,0.04581054380971584,11.418684694081747
2020-03-12,59.0,杭州配送中心,001,06920,紫玫瑰李,83.38999999999997,24.389999999999972,0.04178301612046662,9.21855349669504
2020-03-13,60.0,杭州配送中心,001,06920,紫玫瑰李,102.92599999999999,42.92599999999999,0.0595795592395091,16.224502968394084
2020-03-14,72.978,杭州配送中心,001,06920,紫玫瑰李,108.8716,35.893600000000006,0.047098206904804776,13.566505608404002
2020-03-15,62.0,杭州配送中心,001,06920,紫玫瑰李,190.5228999999999,128.5228999999999,0.0963685430240369,48.57709016811757
2020-03-16,71.0,杭州配送中心,001,06920,紫玫瑰李,104.41799999999999,33.41799999999999,0.04572008657511156,12.630816759022352
2020-03-17,59.0,杭州配送中心,001,06920,紫玫瑰李,161.0703,102.0703,0.09052861656414267,38.57894714939373
2020-03-11,1183.0,杭州配送中心,001,07070,佳沛阳光金果,1292.915,109.91499999999996,0.012144760372602106,41.5439650508092
2020-03-12,1158.0,杭州配送中心,001,07070,佳沛阳光金果,1010.3299999999999,147.67000000000007,0.020880023641497627,55.81401372927261
2020-03-13,1155.0,杭州配送中心,001,07070,佳沛阳光金果,1134.53,20.470000000000027,0.0025775305318376054,7.736932762498892
2020-03-14,1230.0,杭州配送中心,001,07070,佳沛阳光金果,1166.98,63.01999999999998,0.007714662755880256,23.819321089041495
2020-03-15,1231.0,杭州配送中心,001,07070,佳沛阳光金果,814.3600000000001,416.6399999999999,0.07308806915860304,157.4751180345644
2020-03-16,1151.0,杭州配送中心,001,07070,佳沛阳光金果,504.41,646.5899999999999,0.1831248389207192,244.3880486030362
2020-03-17,1168.0,杭州配送中心,001,07070,佳沛阳光金果,384.78000000000003,783.22,0.29078582937931136,296.02933455028693
2020-03-11,396.0,杭州配送中心,001,07080,佳沛阳光金果,497.0,101.0,0.029031330842196033,38.17441177393195
2020-03-12,361.0,杭州配送中心,001,07080,佳沛阳光金果,553.0,192.0,0.049599586670111086,72.56917881777163
2020-03-13,294.0,杭州配送中心,001,07080,佳沛阳光金果,626.1800000000001,332.18000000000006,0.07578377737118036,125.55223864420512
2020-03-14,316.0,杭州配送中心,001,07080,佳沛阳光金果,544.4523,228.45230000000004,0.05994288729635794,86.34685317724589
2020-03-15,302.0,杭州配送中心,001,07080,佳沛阳光金果,546.0,244.0,0.06384092098377812,92.22333141425145
2020-03-16,400.0,杭州配送中心,001,07080,佳沛阳光金果,380.294,19.706000000000017,0.007402543445710056,7.448167905119838
2020-03-17,392.0,杭州配送中心,001,07080,佳沛阳光金果,244.0,148.0,0.08665105386416862,55.93874200536563
2020-03-11,685.0,杭州配送中心,001,07190,黑了好吃牛油果,664.0275000000001,20.972499999999854,0.0045119688997389525,7.9268599101859625
2020-03-12,677.0,杭州配送中心,001,07190,黑了好吃牛油果,497.3342,179.6658,0.051608240207777496,67.90728941478122
2020-03-13,646.0,杭州配送中心,001,07190,黑了好吃牛油果,752.3573000000007,106.35730000000069,0.020195058916820618,40.199280845184546
2020-03-14,694.0,杭州配送中心,001,07190,黑了好吃牛油果,969.139600000001,275.139600000001,0.040557270740827475,103.99299391796995
2020-03-15,704.0,杭州配送中心,001,07190,黑了好吃牛油果,961.2900000000011,257.2900000000011,0.038235822993804576,97.24647926054449
2020-03-16,674.0,杭州配送中心,001,07190,黑了好吃牛油果,715.0284000000006,41.0284000000006,0.008197156924116693,15.507277584412005
2020-03-17,660.0,杭州配送中心,001,07190,黑了好吃牛油果,687.6900000000002,27.69000000000017,0.005752176541340297,10.465836257625565
2020-03-11,125.0,杭州配送中心,001,07220,台湾释迦,120.102,4.897999999999996,0.0058260002807137695,1.8512699887991935
2020-03-12,129.0,杭州配送中心,001,07220,台湾释迦,115.62399999999998,13.376000000000019,0.016526474978007556,5.055652790971431
2020-03-13,146.0,杭州配送中心,001,07220,台湾释迦,143.256,2.7439999999999998,0.002736360082649243,1.0371345139373194
2020-03-14,146.0,杭州配送中心,001,07220,台湾释迦,196.2,50.19999999999999,0.03655162370758701,18.973816545063205
2020-03-15,154.0,杭州配送中心,001,07220,台湾释迦,170.91290000000004,16.912900000000036,0.014136607426522962,6.392475335557773
2020-03-16,135.0,杭州配送中心,001,07220,台湾释迦,162.29919999999998,27.299199999999985,0.02402898914033903,10.318127741573491
2020-03-17,143.0,杭州配送中心,001,07220,台湾释迦,157.13400000000004,14.134000000000043,0.012849815171400604,5.342149861512434
2020-03-11,3.0,杭州配送中心,001,07240,红毛丹,,,,
2020-03-12,3.0,杭州配送中心,001,07240,红毛丹,,,,
2020-03-13,3.0,杭州配送中心,001,07240,红毛丹,,,,
2020-03-14,3.0,杭州配送中心,001,07240,红毛丹,,,,
2020-03-15,3.0,杭州配送中心,001,07240,红毛丹,,,,
2020-03-16,3.0,杭州配送中心,001,07240,红毛丹,1.0,2.0,0.2857142857142857,0.7559289460184544
2020-03-17,3.0,杭州配送中心,001,07240,红毛丹,,,,
2020-03-11,215.0,杭州配送中心,001,07270,台湾莲雾,228.74600000000007,13.746000000000066,0.008584693440384945,5.195499645984863
2020-03-12,220.0,杭州配送中心,001,07270,台湾莲雾,204.46400000000003,15.535999999999973,0.010854862329938608,5.872056052671344
2020-03-13,224.0,杭州配送中心,001,07270,台湾莲雾,219.27999999999997,4.720000000000027,0.0030749986970344686,1.7839923126035628
2020-03-14,231.0,杭州配送中心,001,07270,台湾莲雾,303.52200000000005,72.52200000000005,0.034133557746343655,27.410739511575194
2020-03-15,235.0,杭州配送中心,001,07270,台湾莲雾,290.8220000000001,55.822000000000116,0.02742079838723151,21.098732812321128
2020-03-16,212.0,杭州配送中心,001,07270,台湾莲雾,232.89,20.889999999999986,0.012814142789667709,7.895677841162751
2020-03-17,223.0,杭州配送中心,001,07270,台湾莲雾,253.14400000000012,30.14400000000012,0.017011209881671024,11.39336107439019
2020-03-11,689.0,杭州配送中心,001,07290,银火龙果,741.4280000000002,52.428000000000225,0.010101741889589165,19.815921390927848
2020-03-12,690.0,杭州配送中心,001,07290,银火龙果,689.9978000000002,0.0021999999997888153,4.554879946799032e-07,0.0008315218405404796
2020-03-13,699.0,杭州配送中心,001,07290,银火龙果,783.6866999999999,84.68669999999986,0.015437419060448496,32.00856393639047
2020-03-14,691.0,杭州配送中心,001,07290,银火龙果,1068.1385,377.1385,0.050440021187728536,142.54495440399046
2020-03-15,729.0,杭州配送中心,001,07290,银火龙果,1025.8241999999996,296.82419999999956,0.04133598831345283,112.1890023293853
2020-03-16,694.0,杭州配送中心,001,07290,银火龙果,818.2646999999998,124.26469999999983,0.02169481342651098,46.96764184914966
2020-03-17,689.0,杭州配送中心,001,07290,银火龙果,832.4590000000002,143.45900000000017,0.024618801475079107,54.22240533343079
2020-03-11,138.0,杭州配送中心,001,07300,蜜宝红心火龙果,156.96999999999997,18.96999999999997,0.017264445435433498,7.1699860529850294
2020-03-12,139.0,杭州配送中心,001,07300,蜜宝红心火龙果,124.55,14.450000000000003,0.016573951941274305,5.461586634983335
2020-03-13,140.0,杭州配送中心,001,07300,蜜宝红心火龙果,83.526,56.474000000000004,0.09658925706623431,21.3451656487231
2020-03-14,141.0,杭州配送中心,001,07300,蜜宝红心火龙果,126.224,14.775999999999996,0.016723104503558295,5.5848030531843404
2020-03-15,147.0,杭州配送中心,001,07300,蜜宝红心火龙果,131.39,15.610000000000014,0.016972372326661104,5.900025423674042
2020-03-16,139.0,杭州配送中心,001,07300,蜜宝红心火龙果,73.16,65.84,0.12856361790205423,24.885180902927523
2020-03-17,140.0,杭州配送中心,001,07300,蜜宝红心火龙果,78.5,61.5,0.11191992720655142,23.244815090067473
2020-03-11,3965.0,杭州配送中心,001,07310,金火龙果,3972.7203000000027,7.7203000000026805,0.00027761833623182134,2.9179991209741503
2020-03-12,3873.0,杭州配送中心,001,07310,金火龙果,3368.0040000000017,504.9959999999983,0.021419893121945647,190.87054701176706
2020-03-13,3963.0,杭州配送中心,001,07310,金火龙果,4072.7380000000026,109.73800000000256,0.0038492181777608817,41.477065339087545
2020-03-14,3969.0,杭州配送中心,001,07310,金火龙果,4866.916599999999,897.9165999999987,0.026356276579713702,339.38057452523657
2020-03-15,4105.0,杭州配送中心,001,07310,金火龙果,5071.407399999997,966.4073999999973,0.027222857307815516,365.26766365321646
2020-03-16,4071.0,杭州配送中心,001,07310,金火龙果,4052.0449999999983,18.955000000001746,0.0006682692672113448,7.164316585890562
2020-03-17,3880.0,杭州配送中心,001,07310,金火龙果,4691.512799999999,811.5127999999986,0.02471066475615282,306.72300779224184
2020-03-11,13.0,杭州配送中心,001,07340,火参果,15.212000000000002,2.2120000000000015,0.020773073889034984,0.8360574142964112
2020-03-12,13.0,杭州配送中心,001,07340,火参果,10.0,3.0,0.04285714285714286,1.1338934190276817
2020-03-13,15.0,杭州配送中心,001,07340,火参果,12.02,2.9800000000000004,0.0354171618730687,1.1263341295674973
2020-03-14,14.0,杭州配送中心,001,07340,火参果,23.42,9.420000000000002,0.05746004635842382,3.5604253357469213
2020-03-15,15.0,杭州配送中心,001,07340,火参果,25.441000000000003,10.441000000000003,0.05862864779574029,3.9463270626893423
2020-03-16,14.0,杭州配送中心,001,07340,火参果,12.23,1.7699999999999996,0.02067515477163882,0.668997117226332
2020-03-17,14.0,杭州配送中心,001,07340,火参果,16.509999999999998,2.509999999999998,0.021718439041273675,0.9486908272531596
2020-03-11,1019.0,杭州配送中心,001,07350,泰国椰青,1503.21,484.21000000000004,0.04601676222407857,183.01417747579794
2020-03-12,1020.0,杭州配送中心,001,07350,泰国椰青,1113.1477,93.14769999999999,0.011954221605735057,35.20652134252159
2020-03-13,994.0,杭州配送中心,001,07350,泰国椰青,2921.94999999999,1927.9499999999898,0.09425945980301788,728.6966057381358
2020-03-14,992.0,杭州配送中心,001,07350,泰国椰青,3940.389999999986,2948.389999999986,0.10689260997732988,1114.38667257567
2020-03-15,1096.0,杭州配送中心,001,07350,泰国椰青,4184.482199999985,3088.482199999985,0.10543998558702014,1167.3365471213729
2020-03-16,1170.0,杭州配送中心,001,07350,泰国椰青,2732.1231999999936,1562.1231999999936,0.08168023211502935,590.4270720634853
2020-03-17,1381.0,杭州配送中心,001,07350,泰国椰青,2795.509999999997,1414.509999999997,0.07228479137719304,534.6345267162809
2020-03-11,2.0,杭州配送中心,001,07390,黄金车厘子,6.97,4.97,0.1018651362984218,1.8784834308558593
2020-03-12,2.0,杭州配送中心,001,07390,黄金车厘子,6.14,4.14,0.09632387156817124,1.5647729182582006
2020-03-13,2.0,杭州配送中心,001,07390,黄金车厘子,3.08,1.08,0.05009276437847866,0.4082016308499654
2020-03-14,2.0,杭州配送中心,001,07390,黄金车厘子,1.7000000000000002,0.2999999999999998,0.02521008403361343,0.1133893419027681
2020-03-15,2.0,杭州配送中心,001,07390,黄金车厘子,2.68,0.6800000000000002,0.03624733475479745,0.25701584164627456
2020-03-16,2.0,杭州配送中心,001,07390,黄金车厘子,3.48,1.48,0.06075533661740558,0.5593874200536563
2020-03-17,3.0,杭州配送中心,001,07390,黄金车厘子,0.54,2.46,0.6507936507936508,0.929792603602699
2020-03-11,178.0,杭州配送中心,001,07420,泰国山竹,186.60400000000004,8.604000000000042,0.006586905195723901,3.252006325771407
2020-03-12,182.0,杭州配送中心,001,07420,泰国山竹,181.62399999999994,0.3760000000000616,0.00029574442647609643,0.14211464185149272
2020-03-13,172.0,杭州配送中心,001,07420,泰国山竹,173.97,1.9699999999999989,0.0016176844940424858,0.7445900118281772
2020-03-14,165.0,杭州配送中心,001,07420,泰国山竹,153.07399999999993,11.926000000000073,0.011130004348970412,4.507604305108072
2020-03-15,180.0,杭州配送中心,001,07420,泰国山竹,173.63800000000003,6.361999999999966,0.005234206468959202,2.4046099772846907
2020-03-16,171.0,杭州配送中心,001,07420,泰国山竹,132.43800000000002,38.56199999999998,0.0415957439923371,14.575066008181814
2020-03-17,154.0,杭州配送中心,001,07420,泰国山竹,155.43800000000002,1.4380000000000166,0.0013216110052147723,0.543512912187275
2020-03-11,119.0,杭州配送中心,001,07430,猫山王榴莲,52.26999999999999,66.73000000000002,0.18237721719642525,25.22156928390574
2020-03-12,133.0,杭州配送中心,001,07430,猫山王榴莲,57.46,75.53999999999999,0.18780766744567648,28.55143629111702
2020-03-13,145.0,杭州配送中心,001,07430,猫山王榴莲,55.63,89.37,0.22950104003492464,33.77868495283464
2020-03-14,121.0,杭州配送中心,001,07430,猫山王榴莲,62.19800000000001,58.80199999999999,0.13505716766271764,22.225066941888578
2020-03-15,141.0,杭州配送中心,001,07430,猫山王榴莲,115.578,25.421999999999997,0.03142219354647325,9.608612832840572
2020-03-16,122.0,杭州配送中心,001,07430,猫山王榴莲,65.096,56.903999999999996,0.12487929914499903,21.507690372117064
2020-03-17,122.0,杭州配送中心,001,07430,猫山王榴莲,25.612000000000002,96.388,0.5376274514178622,36.431239624413394
2020-03-11,8.0,杭州配送中心,001,07440,雪莲果,12.030000000000001,4.030000000000001,0.04785654910343191,1.5231968262271862
2020-03-12,8.0,杭州配送中心,001,07440,雪莲果,6.99,1.0099999999999998,0.020641733088085014,0.38174411773931943
2020-03-13,8.0,杭州配送中心,001,07440,雪莲果,1.87,6.13,0.46829640947288004,2.316922219546563
2020-03-14,8.0,杭州配送中心,001,07440,雪莲果,7.92,0.08000000000000007,0.0014430014430014443,0.030237157840738205
2020-03-15,9.0,杭州配送中心,001,07440,雪莲果,9.059999999999999,0.05999999999999872,0.0009460737937558929,0.02267786838055315
2020-03-16,8.0,杭州配送中心,001,07440,雪莲果,10.04,2.039999999999999,0.02902675014228798,0.7710475249388232
2020-03-17,7.0,杭州配送中心,001,07440,雪莲果,4.220000000000001,2.7799999999999994,0.09410968178740686,1.0507412349656515
2020-03-11,1268.0,杭州配送中心,001,07450,泰国桂圆,1367.954,99.95399999999995,0.010438320920983344,37.77906093516428
2020-03-12,1290.0,杭州配送中心,001,07450,泰国桂圆,1058.846000000001,231.1539999999991,0.031186782591613737,87.36799979397456
2020-03-13,1285.0,杭州配送中心,001,07450,泰国桂圆,1654.598000000003,369.5980000000029,0.03191090179349583,139.69491329526548
2020-03-14,1311.0,杭州配送中心,001,07450,泰国桂圆,1880.2060000000006,569.2060000000006,0.043247996686077435,215.13964582369042
2020-03-15,1286.0,杭州配送中心,001,07450,泰国桂圆,2020.6040000000012,734.6040000000012,0.0519366627856961,277.6542137304708
2020-03-16,1273.0,杭州配送中心,001,07450,泰国桂圆,1549.3320000000017,276.3320000000017,0.025479367882416552,104.44367875558642
2020-03-17,1261.0,杭州配送中心,001,07450,泰国桂圆,1104.4440000000006,156.55599999999936,0.02025013749646225,59.172606036432335
2020-03-11,7289.0,杭州配送中心,001,07470,台湾凤梨,8371.586999999998,1082.5869999999977,0.018473831271691426,409.1794249416394
2020-03-12,7271.0,杭州配送中心,001,07470,台湾凤梨,13219.624000000005,5948.624000000005,0.06428347951283857,2248.3685352900434
2020-03-13,8064.0,杭州配送中心,001,07470,台湾凤梨,19221.979,11157.979,0.08292574869632309,4217.319652583024
2020-03-14,10100.0,杭州配送中心,001,07470,台湾凤梨,32369.264299999984,22269.264299999984,0.09828222977031241,8416.990745452691
2020-03-15,9940.0,杭州配送中心,001,07470,台湾凤梨,31201.36600000001,21261.36600000001,0.09734631490172578,8036.0409956463045
2020-03-16,7521.0,杭州配送中心,001,07470,台湾凤梨,19164.857000000004,11643.857000000004,0.08679470673103082,4400.964274799802
2020-03-17,7320.0,杭州配送中心,001,07470,台湾凤梨,21587.86280000001,14267.86280000001,0.09441722569617751,5392.745244169961
2020-03-11,965.0,杭州配送中心,001,07540,优选泰国桂圆,1073.8591,108.8590999999999,0.014481695038017547,41.14487236375873
2020-03-12,924.0,杭州配送中心,001,07540,优选泰国桂圆,1085.6267999999995,161.62679999999955,0.021268397995648967,61.0891882861676
2020-03-13,1030.0,杭州配送中心,001,07540,优选泰国桂圆,1327.8683000000003,297.8683000000003,0.032045809276201806,112.58363503565452
2020-03-14,1040.0,杭州配送中心,001,07540,优选泰国桂圆,1625.5044,585.5044,0.051456942050901684,221.2998619905838
2020-03-15,1028.0,杭州配送中心,001,07540,优选泰国桂圆,1323.6325,295.63249999999994,0.0319070544775187,111.73858206690035
2020-03-16,925.0,杭州配送中心,001,07540,优选泰国桂圆,987.4177999999999,62.41779999999994,0.009030451518524949,23.591710883395322
2020-03-17,959.0,杭州配送中心,001,07540,优选泰国桂圆,1035.2642,76.26420000000007,0.010523773268973972,28.825158162470334
2020-03-11,37.0,杭州配送中心,001,07640,智利车厘子J,45.97100000000002,8.971000000000018,0.02787782359686391,3.3907192873657843
2020-03-12,36.0,杭州配送中心,001,07640,智利车厘子J,53.55,17.549999999999997,0.046818727490996394,6.633276501311936
2020-03-13,39.0,杭州配送中心,001,07640,智利车厘子J,33.54,5.460000000000001,0.02325581395348838,2.0636860226303813
2020-03-14,37.0,杭州配送中心,001,07640,智利车厘子J,47.680000000000014,10.680000000000014,0.03199904122722918,4.036660571738552
2020-03-15,38.0,杭州配送中心,001,07640,智利车厘子J,27.96,10.04,0.05129777232781524,3.794763309012641
2020-03-16,35.0,杭州配送中心,001,07640,智利车厘子J,19.24,15.760000000000002,0.11701811701811704,5.956720094625422
2020-03-17,38.0,杭州配送中心,001,07640,智利车厘子J,14.18,23.82,0.23997582107596213,9.003113747079793
2020-03-11,2.0,杭州配送中心,001,07660,二盒一车厘子（J）,1.77,0.22999999999999998,0.018563357546408393,0.08693182879212225
2020-03-12,1.0,杭州配送中心,001,07660,二盒一车厘子（J）,1.08,0.08000000000000007,0.010582010582010592,0.030237157840738205
2020-03-13,2.0,杭州配送中心,001,07660,二盒一车厘子（J）,2.0,0.0,0.0,0.0
2020-03-14,1.0,杭州配送中心,001,07660,二盒一车厘子（J）,5.76,4.76,0.11805555555555555,1.7991108915239216
2020-03-15,2.0,杭州配送中心,001,07660,二盒一车厘子（J）,0.53,1.47,0.3962264150943396,0.555607775323564
2020-03-16,2.0,杭州配送中心,001,07660,二盒一车厘子（J）,1.19,0.81,0.09723889555822329,0.3061512231374741
2020-03-17,2.0,杭州配送中心,001,07660,二盒一车厘子（J）,1.49,0.51,0.0488974113135187,0.1927618812347059
2020-03-11,1.0,杭州配送中心,001,07680,六合一车厘子(J),0.0,1.0,inf,0.3779644730092272
2020-03-12,1.0,杭州配送中心,001,07680,六合一车厘子(J),0.0,1.0,inf,0.3779644730092272
2020-03-13,1.0,杭州配送中心,001,07680,六合一车厘子(J),0.0,1.0,inf,0.3779644730092272
2020-03-14,1.0,杭州配送中心,001,07680,六合一车厘子(J),0.0,1.0,inf,0.3779644730092272
2020-03-15,1.0,杭州配送中心,001,07680,六合一车厘子(J),0.0,1.0,inf,0.3779644730092272
2020-03-16,1.0,杭州配送中心,001,07680,六合一车厘子(J),0.0,1.0,inf,0.3779644730092272
2020-03-17,1.0,杭州配送中心,001,07680,六合一车厘子(J),0.0,1.0,inf,0.3779644730092272
2020-03-11,17.0,杭州配送中心,001,07690,智利车厘子XL（4斤装）,0.0,17.0,inf,6.425396041156863
2020-03-12,18.0,杭州配送中心,001,07690,智利车厘子XL（4斤装）,0.0,18.0,inf,6.80336051416609
2020-03-13,17.0,杭州配送中心,001,07690,智利车厘子XL（4斤装）,0.0,17.0,inf,6.425396041156863
2020-03-14,17.0,杭州配送中心,001,07690,智利车厘子XL（4斤装）,0.0,17.0,inf,6.425396041156863
2020-03-15,17.0,杭州配送中心,001,07690,智利车厘子XL（4斤装）,0.0,17.0,inf,6.425396041156863
2020-03-16,18.0,杭州配送中心,001,07690,智利车厘子XL（4斤装）,0.0,18.0,inf,6.80336051416609
2020-03-17,18.0,杭州配送中心,001,07690,智利车厘子XL（4斤装）,0.0,18.0,inf,6.80336051416609
2020-03-11,11.0,杭州配送中心,001,07700,科迪亚车厘子,7.1,3.9000000000000004,0.07847082494969819,1.4740614447359863
2020-03-12,12.0,杭州配送中心,001,07700,科迪亚车厘子,13.81,1.8100000000000005,0.0187234922933692,0.6841156961467015
2020-03-13,16.0,杭州配送中心,001,07700,科迪亚车厘子,4.63,11.370000000000001,0.35081764887380446,4.297456058114913
2020-03-14,16.0,杭州配送中心,001,07700,科迪亚车厘子,4.49,11.51,0.36621062678969135,4.350371084336206
2020-03-15,17.0,杭州配送中心,001,07700,科迪亚车厘子,4.67,12.33,0.37717956561639643,4.660301952203771
2020-03-16,14.0,杭州配送中心,001,07700,科迪亚车厘子,3.5700000000000003,10.43,0.41736694677871145,3.94216945348624
2020-03-17,15.0,杭州配送中心,001,07700,科迪亚车厘子,0.87,14.13,2.3201970443349755,5.3406380036203815
2020-03-10,0.00035513211489435095,杭州配送中心,001,07709,特惠山竹,0.0,0.00035513211489435095,inf,0.00012555816332945785
2020-03-11,0.00035513211489435095,杭州配送中心,001,07709,特惠山竹,0.0,0.00035513211489435095,inf,0.00012555816332945785
2020-03-12,0.00035513211489435095,杭州配送中心,001,07709,特惠山竹,0.0,0.00035513211489435095,inf,0.00012555816332945785
2020-03-13,0.00035513211489435095,杭州配送中心,001,07709,特惠山竹,0.0,0.00035513211489435095,inf,0.00012555816332945785
2020-03-14,0.00035513211489435095,杭州配送中心,001,07709,特惠山竹,0.0,0.00035513211489435095,inf,0.00012555816332945785
2020-03-15,0.00035513211489435095,杭州配送中心,001,07709,特惠山竹,0.0,0.00035513211489435095,inf,0.00012555816332945785
2020-03-16,0.00035513211489435095,杭州配送中心,001,07709,特惠山竹,0.0,0.00035513211489435095,inf,0.00012555816332945785
2020-03-17,0.00035513211489435095,杭州配送中心,001,07709,特惠山竹,0.0,0.00035513211489435095,inf,0.00012555816332945785
2020-03-11,583.0,杭州配送中心,001,07790,泰国金枕榴莲,441.5780000000001,141.4219999999999,0.04575214991947706,53.4524917019109
2020-03-12,595.0,杭州配送中心,001,07790,泰国金枕榴莲,411.934,183.06599999999997,0.06348659181880037,69.19244421590719
2020-03-13,768.0,杭州配送中心,001,07790,泰国金枕榴莲,671.72,96.27999999999997,0.020476218832676873,36.39041946132839
2020-03-14,758.0,杭州配送中心,001,07790,泰国金枕榴莲,575.068,182.93200000000002,0.04544356990328598,69.14179697652396
2020-03-15,766.0,杭州配送中心,001,07790,泰国金枕榴莲,738.7600000000001,27.239999999999895,0.005267513903606795,10.295752244771311
2020-03-16,592.0,杭州配送中心,001,07790,泰国金枕榴莲,443.1920000000002,148.80799999999982,0.04796631192414502,56.24413729955702
2020-03-17,592.0,杭州配送中心,001,07790,泰国金枕榴莲,411.0419999999999,180.95800000000008,0.06289173091105744,68.39569510680377
2020-03-11,4352.0,杭州配送中心,001,07880,青馋狸榴莲,5302.647999999999,950.6479999999992,0.02561113940485151,359.31117033727554
2020-03-12,4439.0,杭州配送中心,001,07880,青馋狸榴莲,4508.528000000002,69.52800000000207,0.0022030630459812426,26.27911387938633
2020-03-13,3991.0,杭州配送中心,001,07880,青馋狸榴莲,9710.795999999998,5719.7959999999985,0.0841448748676951,2161.879680860285
2020-03-14,3276.0,杭州配送中心,001,07880,青馋狸榴莲,9761.925900000006,6485.925900000006,0.0949157832530918,2451.4495647704002
2020-03-15,3970.0,杭州配送中心,001,07880,青馋狸榴莲,8670.471399999997,4700.471399999997,0.07744629828151144,1776.6111955959432
2020-03-16,4632.0,杭州配送中心,001,07880,青馋狸榴莲,5389.2478,757.2478000000001,0.0200729788566889,286.2127656643967
2020-03-17,4607.0,杭州配送中心,001,07880,青馋狸榴莲,5341.906499999999,734.9064999999991,0.019653403304071827,277.7685479835553
2020-03-11,450.0,杭州配送中心,001,07940,王林苹果,495.52599999999967,45.52599999999967,0.013124869907359537,17.207210598217955
2020-03-12,446.0,杭州配送中心,001,07940,王林苹果,407.10799999999995,38.89200000000005,0.013647484205665347,14.699794284274885
2020-03-13,442.0,杭州配送中心,001,07940,王林苹果,481.176,39.17599999999999,0.011631027791434791,14.80713619460948
2020-03-14,449.0,杭州配送中心,001,07940,王林苹果,674.9699999999996,225.96999999999957,0.047826464244971674,85.40863196589491
2020-03-15,453.0,杭州配送中心,001,07940,王林苹果,689.6919999999996,236.69199999999955,0.04902643913100748,89.46116704549985
2020-03-16,454.0,杭州配送中心,001,07940,王林苹果,516.7900000000001,62.79000000000008,0.017357147003618508,23.732389260249406
2020-03-17,442.0,杭州配送中心,001,07940,王林苹果,528.9700000000004,86.97000000000037,0.023487694414212067,32.87157021761263
2020-03-11,1830.0,杭州配送中心,001,07950,金尧榴莲,1891.3800000000003,61.38000000000034,0.0046360707148069,23.199459353306494
2020-03-12,2091.0,杭州配送中心,001,07950,金尧榴莲,1119.7099999999996,971.2900000000004,0.12392111733012512,367.11311298913245
2020-03-13,2068.0,杭州配送中心,001,07950,金尧榴莲,1329.9200000000003,738.0799999999997,0.07928296438883538,278.9680182386503
2020-03-14,1883.0,杭州配送中心,001,07950,金尧榴莲,1566.8999999999996,316.10000000000036,0.028819415953247125,119.47456991821686
2020-03-15,1811.0,杭州配送中心,001,07950,金尧榴莲,896.15,914.85,0.1458381489068316,345.78079813249155
2020-03-16,1686.0,杭州配送中心,001,07950,金尧榴莲,814.4000000000001,871.5999999999999,0.1528908223407241,329.43383467484244
2020-03-17,726.0,杭州配送中心,001,07950,金尧榴莲,759.6300000000001,33.63000000000011,0.006324507608027235,12.710945227300353
2020-03-11,2.0,杭州配送中心,001,07960,智利蓝莓,,,,
2020-03-12,2.0,杭州配送中心,001,07960,智利蓝莓,1.0,1.0,0.14285714285714285,0.3779644730092272
2020-03-13,3.0,杭州配送中心,001,07960,智利蓝莓,,,,
2020-03-14,2.0,杭州配送中心,001,07960,智利蓝莓,2.0,0.0,0.0,0.0
2020-03-15,3.0,杭州配送中心,001,07960,智利蓝莓,2.0,1.0,0.07142857142857142,0.3779644730092272
2020-03-16,3.0,杭州配送中心,001,07960,智利蓝莓,1.0,2.0,0.2857142857142857,0.7559289460184544
2020-03-17,2.0,杭州配送中心,001,07960,智利蓝莓,1.0,1.0,0.14285714285714285,0.3779644730092272
2020-03-11,20.0,杭州配送中心,001,07970,红树莓,30.176800000000004,10.176800000000004,0.04817702908951817,3.846468848920305
2020-03-12,19.0,杭州配送中心,001,07970,红树莓,24.0,5.0,0.029761904761904764,1.889822365046136
2020-03-13,19.0,杭州配送中心,001,07970,红树莓,38.800000000000004,19.800000000000004,0.07290132547864507,7.483696565582701
2020-03-14,20.0,杭州配送中心,001,07970,红树莓,31.883200000000002,11.883200000000002,0.05324434184774428,4.491427425663249
2020-03-15,20.0,杭州配送中心,001,07970,红树莓,37.5428,17.5428,0.06675352626107497,6.630555157106271
2020-03-16,19.0,杭州配送中心,001,07970,红树莓,26.0845,7.0844999999999985,0.03879972506934879,2.6776893090338696
2020-03-17,19.0,杭州配送中心,001,07970,红树莓,13.0,6.0,0.06593406593406594,2.2677868380553634
2020-03-11,9536.0,杭州配送中心,001,08020,沙糖桔,8773.083299999997,762.9167000000034,0.01242300982141598,288.35540846544
2020-03-12,9262.0,杭州配送中心,001,08020,沙糖桔,7026.546500000003,2235.453499999997,0.04544914062690675,844.9220040641313
2020-03-13,9115.0,杭州配送中心,001,08020,沙糖桔,7073.952800000001,2041.047199999999,0.04121856332269721,771.4433293349584
2020-03-14,9120.0,杭州配送中心,001,08020,沙糖桔,8330.552100000003,789.4478999999974,0.013537910822089574,298.38325949174015
2020-03-15,9445.0,杭州配送中心,001,08020,沙糖桔,7279.351900000006,2165.648099999994,0.042500802853067024,818.5380428399319
2020-03-16,9590.0,杭州配送中心,001,08020,沙糖桔,4207.519099999998,5382.480900000002,0.18275041053459357,2034.386556850732
2020-03-17,8518.0,杭州配送中心,001,08020,沙糖桔,4685.95,3832.05,0.11682491581978346,1448.3787587950092
2020-03-11,294.0,杭州配送中心,001,08050,金蛋,341.68000000000023,47.680000000000234,0.019935110546208733,18.021346073080043
2020-03-12,293.0,杭州配送中心,001,08050,金蛋,255.11400000000003,37.88599999999997,0.021215165433044476,14.319562024427569
2020-03-13,307.0,杭州配送中心,001,08050,金蛋,248.866,58.133999999999986,0.03337079851348573,21.97258667391841
2020-03-14,330.0,杭州配送中心,001,08050,金蛋,404.012,74.012,0.026170368348323456,27.973906576358925
2020-03-15,312.0,杭州配送中心,001,08050,金蛋,375.6479999999998,63.6479999999998,0.02420503084954906,24.05668277809122
2020-03-16,291.0,杭州配送中心,001,08050,金蛋,268.62200000000007,22.37799999999993,0.011900950565691312,8.45808897700046
2020-03-17,288.0,杭州配送中心,001,08050,金蛋,314.84000000000015,26.840000000000146,0.012178521516598059,10.144566455567713
2020-03-11,22291.0,杭州配送中心,001,08270,春见,21199.826999999987,1091.1730000000134,0.007352977792831006,412.4246279069026
2020-03-12,22460.0,杭州配送中心,001,08270,春见,16093.597200000018,6366.402799999982,0.05651229510613765,2406.2740792664617
2020-03-13,23493.0,杭州配送中心,001,08270,春见,18187.60760000001,5305.39239999999,0.041671956898828084,2005.2498425731553
2020-03-14,24493.0,杭州配送中心,001,08270,春见,21172.49849999998,3320.5015000000203,0.022404410945777633,1255.031599573856
2020-03-15,23583.0,杭州配送中心,001,08270,春见,21020.993999999988,2562.006000000012,0.017411206013514827,968.3472476364828
2020-03-16,22228.0,杭州配送中心,001,08270,春见,15431.105000000007,6796.894999999993,0.06292388004617937,2568.984836774049
2020-03-17,22616.0,杭州配送中心,001,08270,春见,15411.046999999991,7204.953000000009,0.06678838887455225,2723.216263701254
2020-03-11,144.0,杭州配送中心,001,08300,托曼尼榴莲,11.76,132.24,1.6064139941690965,49.98202191074021
2020-03-12,145.0,杭州配送中心,001,08300,托曼尼榴莲,43.400000000000006,101.6,0.33443054641211317,38.401190457737485
2020-03-13,71.0,杭州配送中心,001,08300,托曼尼榴莲,21.759999999999998,49.24,0.3232668067226891,18.610970650974348
2020-03-14,113.0,杭州配送中心,001,08300,托曼尼榴莲,11.450000000000001,101.55,1.2669993761696818,38.382292234087025
2020-03-15,124.0,杭州配送中心,001,08300,托曼尼榴莲,17.45,106.55,0.8722881702824397,40.27211459913316
2020-03-16,137.0,杭州配送中心,001,08300,托曼尼榴莲,8.17,128.83,2.252666550096171,48.69316305777875
2020-03-17,129.0,杭州配送中心,001,08300,托曼尼榴莲,7.16,121.84,2.4309656823623302,46.05119139144425
2020-03-11,2.0,杭州配送中心,001,08370,优选带叶鲜橙,,,,
2020-03-12,1.0,杭州配送中心,001,08370,优选带叶鲜橙,,,,
2020-03-13,2.0,杭州配送中心,001,08370,优选带叶鲜橙,4.51,2.51,0.07950585999366487,0.9486908272531602
2020-03-14,2.0,杭州配送中心,001,08370,优选带叶鲜橙,,,,
2020-03-15,1.0,杭州配送中心,001,08370,优选带叶鲜橙,,,,
2020-03-16,2.0,杭州配送中心,001,08370,优选带叶鲜橙,,,,
2020-03-17,2.0,杭州配送中心,001,08370,优选带叶鲜橙,,,,
2020-03-11,636.0,杭州配送中心,001,08660,匠心橙,505.3660000000001,130.6339999999999,0.03692769200935556,49.37501096708735
2020-03-12,641.0,杭州配送中心,001,08660,匠心橙,314.9240000000001,326.0759999999999,0.14791595976897817,123.24514350095674
2020-03-13,633.0,杭州配送中心,001,08660,匠心橙,280.204,352.796,0.17986691328970525,133.34435421976332
2020-03-14,701.0,杭州配送中心,001,08660,匠心橙,420.3200000000001,280.6799999999999,0.09539670455163407,106.08706828422986
2020-03-15,706.0,杭州配送中心,001,08660,匠心橙,345.7099999999999,360.2900000000001,0.1488820109340199,136.1768199804945
2020-03-16,643.0,杭州配送中心,001,08660,匠心橙,228.60999999999999,414.39,0.2589500521786948,156.62469797029365
2020-03-17,630.0,杭州配送中心,001,08660,匠心橙,223.82999999999998,406.17,0.2592337296800506,153.51783000215784
2020-03-11,18.0,杭州配送中心,001,08760,伦晚脐橙,12.8,5.199999999999999,0.05803571428571428,1.9654152596479812
2020-03-12,19.0,杭州配送中心,001,08760,伦晚脐橙,92.99999999999989,73.99999999999989,0.1136712749615975,27.969371002682774
2020-03-13,18.0,杭州配送中心,001,08760,伦晚脐橙,278.24470000000053,260.24470000000053,0.13361553440448026,98.36325088894463
2020-03-14,17.0,杭州配送中心,001,08760,伦晚脐橙,412.8362000000009,395.8362000000009,0.13697449150880806,149.6120207309754
2020-03-15,18.0,杭州配送中心,001,08760,伦晚脐橙,405.3135000000007,387.3135000000007,0.13651284746251977,146.3907429168596
2020-03-16,19.0,杭州配送中心,001,08760,伦晚脐橙,332.60260000000056,313.60260000000056,0.13469639572442138,118.53064144332369
2020-03-17,20.0,杭州配送中心,001,08760,伦晚脐橙,335.5155000000006,315.5155000000006,0.13434146218920695,119.25364968374306
2020-03-11,199.0,杭州配送中心,001,08860,福沃柑（5KG）,199.504,0.5039999999999907,0.0003608950196487222,0.190494094396647
2020-03-12,189.0,杭州配送中心,001,08860,福沃柑（5KG）,180.77399999999992,8.226000000000084,0.006500618767869659,3.109135754973935
2020-03-13,193.0,杭州配送中心,001,08860,福沃柑（5KG）,342.172,149.17200000000003,0.062279455111130415,56.38171636773246
2020-03-14,214.0,杭州配送中心,001,08860,福沃柑（5KG）,373.35,159.35000000000002,0.060973043295261056,60.22863877402037
2020-03-15,214.0,杭州配送中心,001,08860,福沃柑（5KG）,644.2540000000002,430.25400000000025,0.09540469619568859,162.62072637011215
2020-03-16,201.0,杭州配送中心,001,08860,福沃柑（5KG）,606.0700000000002,405.07000000000016,0.09547930578504606,153.10206908184773
2020-03-17,205.0,杭州配送中心,001,08860,福沃柑（5KG）,613.6480000000001,408.64800000000014,0.09513318012001297,154.45442596627475
2020-03-11,4507.0,杭州配送中心,001,08910,沃柑,5253.438700000001,746.4387000000006,0.020297962170949112,282.1273098791929
2020-03-12,4575.0,杭州配送中心,001,08910,沃柑,4655.3728,80.3728000000001,0.0024663607115263863,30.378062996276054
2020-03-13,4738.0,杭州配送中心,001,08910,沃柑,6886.718400000006,2148.718400000006,0.04457272006774258,812.1392177012323
2020-03-14,4786.0,杭州配送中心,001,08910,沃柑,9159.30180000001,4373.30180000001,0.0682101554946034,1652.9527101473088
2020-03-15,4657.0,杭州配送中心,001,08910,沃柑,13615.564399999997,8958.564399999997,0.09399499548367705,3386.019072365223
2020-03-16,4493.0,杭州配送中心,001,08910,沃柑,15792.9813,11299.9813,0.10221521903892476,4270.991477068622
2020-03-17,4576.0,杭州配送中心,001,08910,沃柑,17884.383,13308.383000000002,0.106304901400768,5030.095967199959
2020-03-11,5.0,杭州配送中心,001,09030,海南凤梨,,,,
2020-03-12,4.0,杭州配送中心,001,09030,海南凤梨,,,,
2020-03-13,3.0,杭州配送中心,001,09030,海南凤梨,,,,
2020-03-14,4.0,杭州配送中心,001,09030,海南凤梨,,,,
2020-03-15,3.0,杭州配送中心,001,09030,海南凤梨,,,,
2020-03-16,4.0,杭州配送中心,001,09030,海南凤梨,,,,
2020-03-17,4.0,杭州配送中心,001,09030,海南凤梨,3.15,0.8500000000000001,0.038548752834467126,0.32126980205784317
2020-03-11,5.0,杭州配送中心,001,10010,甜脆柿,,,,
2020-03-12,4.0,杭州配送中心,001,10010,甜脆柿,1.7200000000000002,2.28,0.18936877076411956,0.861758998461038
2020-03-13,4.0,杭州配送中心,001,10010,甜脆柿,1.67,2.33,0.19931565440547477,0.8806572221114994
2020-03-14,4.0,杭州配送中心,001,10010,甜脆柿,,,,
2020-03-15,4.0,杭州配送中心,001,10010,甜脆柿,3.5100000000000002,0.48999999999999977,0.019943019943019936,0.18520259177452125
2020-03-16,5.0,杭州配送中心,001,10010,甜脆柿,,,,
2020-03-17,5.0,杭州配送中心,001,10010,甜脆柿,,,,
2020-03-11,2.0,杭州配送中心,001,10040,大红柿,,,,
2020-03-12,2.0,杭州配送中心,001,10040,大红柿,,,,
2020-03-13,3.0,杭州配送中心,001,10040,大红柿,,,,
2020-03-14,3.0,杭州配送中心,001,10040,大红柿,,,,
2020-03-15,3.0,杭州配送中心,001,10040,大红柿,1.0,2.0,0.2857142857142857,0.7559289460184544
2020-03-16,3.0,杭州配送中心,001,10040,大红柿,,,,
2020-03-17,3.0,杭州配送中心,001,10040,大红柿,,,,
2020-03-11,6.0,杭州配送中心,001,10080,会理石榴,0.0,6.0,inf,2.2677868380553634
2020-03-12,6.0,杭州配送中心,001,10080,会理石榴,0.0,6.0,inf,2.2677868380553634
2020-03-13,6.0,杭州配送中心,001,10080,会理石榴,0.0,6.0,inf,2.2677868380553634
2020-03-14,7.0,杭州配送中心,001,10080,会理石榴,0.0,7.0,inf,2.6457513110645907
2020-03-15,8.0,杭州配送中心,001,10080,会理石榴,0.0,8.0,inf,3.0237157840738176
2020-03-16,6.0,杭州配送中心,001,10080,会理石榴,0.0,6.0,inf,2.2677868380553634
2020-03-17,4.0,杭州配送中心,001,10080,会理石榴,0.0,4.0,inf,1.5118578920369088
2020-03-11,279.0,杭州配送中心,001,10130,冰糖枇杷,352.06219999999996,73.06219999999996,0.029646628189158447,27.61491591989475
2020-03-12,264.0,杭州配送中心,001,10130,冰糖枇杷,267.604,3.603999999999985,0.001923951595854848,1.3621839607252493
2020-03-13,266.0,杭州配送中心,001,10130,冰糖枇杷,314.67399999999986,48.673999999999864,0.022097245312382194,18.397042759251075
2020-03-14,274.0,杭州配送中心,001,10130,冰糖枇杷,417.30330000000004,143.30330000000004,0.04905760390584019,54.16355626498321
2020-03-15,280.0,杭州配送中心,001,10130,冰糖枇杷,440.1604,160.16039999999998,0.05198118036710513,60.53494118294703
2020-03-16,265.0,杭州配送中心,001,10130,冰糖枇杷,259.2079999999999,5.792000000000087,0.0031921413360258334,2.189170227669477
2020-03-17,222.0,杭州配送中心,001,10130,冰糖枇杷,334.4940000000002,112.4940000000002,0.04804442360272964,42.51873542670008
2020-03-11,375.0,杭州配送中心,001,10500,进口柠檬（个）,385.9099999999999,10.909999999999911,0.004038691478768149,4.123592400530636
2020-03-12,378.0,杭州配送中心,001,10500,进口柠檬（个）,347.50000000000006,30.499999999999943,0.012538540596094527,11.52791642678141
2020-03-13,380.0,杭州配送中心,001,10500,进口柠檬（个）,394.44000000000005,14.440000000000055,0.005229837599779815,5.457806990253262
2020-03-14,384.0,杭州配送中心,001,10500,进口柠檬（个）,546.5709999999999,162.5709999999999,0.042491146752075326,61.446062341583044
2020-03-15,401.0,杭州配送中心,001,10500,进口柠檬（个）,500.89,99.88999999999999,0.028489289065463472,37.75487120889171
2020-03-16,387.0,杭州配送中心,001,10500,进口柠檬（个）,377.367,9.632999999999981,0.0036466963384261327,3.640931768497879
2020-03-17,396.0,杭州配送中心,001,10500,进口柠檬（个）,414.26,18.25999999999999,0.006296942568849098,6.901631277148486
2020-03-11,98.0,杭州配送中心,001,10510,红西柚（只）,128.06999999999985,30.06999999999985,0.03354192461711774,11.365391703387406
2020-03-12,99.0,杭州配送中心,001,10510,红西柚（只）,80.57990000000001,18.42009999999999,0.032656318227533856,6.962143389277263
2020-03-13,100.0,杭州配送中心,001,10510,红西柚（只）,122.82589999999995,22.825899999999947,0.02654849553020048,8.627379264461299
2020-03-14,104.0,杭州配送中心,001,10510,红西柚（只）,137.87309999999985,33.87309999999985,0.0350975954389527,12.802828390688799
2020-03-15,108.0,杭州配送中心,001,10510,红西柚（只）,159.71999999999986,51.71999999999986,0.04625952559836849,19.548322544037177
2020-03-16,103.0,杭州配送中心,001,10510,红西柚（只）,142.8285999999999,39.82859999999991,0.03983655934455698,15.053795809695274
2020-03-17,105.0,杭州配送中心,001,10510,红西柚（只）,157.55999999999995,52.559999999999945,0.04765531498204762,19.865812701364963
2020-03-11,3.0,杭州配送中心,001,10840,金秋蜜桃,0.0,3.0,inf,1.1338934190276817
2020-03-12,3.0,杭州配送中心,001,10840,金秋蜜桃,0.0,3.0,inf,1.1338934190276817
2020-03-13,3.0,杭州配送中心,001,10840,金秋蜜桃,0.0,3.0,inf,1.1338934190276817
2020-03-14,4.0,杭州配送中心,001,10840,金秋蜜桃,0.0,4.0,inf,1.5118578920369088
2020-03-15,4.0,杭州配送中心,001,10840,金秋蜜桃,0.0,4.0,inf,1.5118578920369088
2020-03-16,4.0,杭州配送中心,001,10840,金秋蜜桃,0.0,4.0,inf,1.5118578920369088
2020-03-17,4.0,杭州配送中心,001,10840,金秋蜜桃,0.0,4.0,inf,1.5118578920369088
2020-03-11,3092.0,杭州配送中心,001,10890,脆心甜富士,3099.148299999999,7.148299999998926,0.00032950527546086165,2.7018034424114528
2020-03-12,3175.0,杭州配送中心,001,10890,脆心甜富士,2985.2459999999996,189.75400000000036,0.009080562970594163,71.72027061139303
2020-03-13,3166.0,杭州配送中心,001,10890,脆心甜富士,2786.289000000003,379.71099999999706,0.01946834250554343,143.51726801080557
2020-03-14,3177.0,杭州配送中心,001,10890,脆心甜富士,3423.916000000002,246.916000000002,0.010302155276506358,93.3254758175471
2020-03-15,3151.0,杭州配送中心,001,10890,脆心甜富士,3523.0368999999996,372.0368999999996,0.015085884729571956,140.6167308484864
2020-03-16,3252.0,杭州配送中心,001,10890,脆心甜富士,2731.175999999999,520.824000000001,0.02724226800888289,196.85296869055813
2020-03-17,3109.0,杭州配送中心,001,10890,脆心甜富士,3013.022,95.97800000000007,0.004550628192274357,36.27627419047963
2020-03-11,273.0,杭州配送中心,001,11030,北半球(车厘子),389.722,116.72199999999998,0.042785809958307275,44.116769218583016
2020-03-12,256.0,杭州配送中心,001,11030,北半球(车厘子),338.9800000000001,82.98000000000008,0.0349704575912612,31.363491970305702
2020-03-13,265.0,杭州配送中心,001,11030,北半球(车厘子),418.9635,153.9635,0.05249809521422681,58.19273314015616
2020-03-14,354.0,杭州配送中心,001,11030,北半球(车厘子),595.828,241.82799999999997,0.057981258253820125,91.40239257887539
2020-03-15,305.0,杭州配送中心,001,11030,北半球(车厘子),523.6380000000003,218.63800000000026,0.05964807748864678,82.63739644979152
2020-03-16,271.0,杭州配送中心,001,11030,北半球(车厘子),383.404,112.404,0.04188196859113177,42.48471862412918
2020-03-17,255.0,杭州配送中心,001,11030,北半球(车厘子),434.56,179.56,0.05902850831054072,67.86730077353684
2020-03-11,535.0,杭州配送中心,001,11090,大樱桃,54.88,480.12,1.249791753436068,181.46830278119018
2020-03-12,529.0,杭州配送中心,001,11090,大樱桃,55.106,473.894,1.2285258022201369,179.11509597223474
2020-03-13,574.0,杭州配送中心,001,11090,大樱桃,85.22329999999998,488.7767,0.8193210408085919,184.74022783468914
2020-03-14,562.0,杭州配送中心,001,11090,大樱桃,144.17509999999993,417.82490000000007,0.41400541028632176,157.92296813863308
2020-03-15,551.0,杭州配送中心,001,11090,大樱桃,117.19599999999993,433.8040000000001,0.5287893784770816,163.96250024929486
2020-03-16,500.0,杭州配送中心,001,11090,大樱桃,96.35999999999994,403.64000000000004,0.5984107216983933,152.5615798854445
2020-03-17,527.0,杭州配送中心,001,11090,大樱桃,103.52,423.48,0.5844005299183043,160.06039502994756
