Account_date,max,min_tem,max_wind,min_wind,sales,year,month,day,dayofweek,weekofyear,period_of_month,period2_of_month,week_of_month,quarter,general_feature,wind_direction_feature
2018-01-01,11.0,1.0,12,2,244.5,2018,1,1,0,1,1,1,1,1,3,2
2018-01-02,12.0,7.0,10,1,267.11000000000007,2018,1,2,1,1,1,1,1,1,24,2
2018-01-03,10.0,5.0,20,7,119.14,2018,1,3,2,1,1,1,1,1,27,0
2018-01-04,5.0,4.0,13,7,90.3,2018,1,4,3,1,1,1,1,1,27,0
2018-01-05,4.0,2.0,17,6,114.46000000000001,2018,1,5,4,1,1,1,1,1,24,3
2018-01-06,5.0,2.0,10,4,129.54999999999998,2018,1,6,5,1,1,1,1,1,24,2
2018-01-07,6.0,4.0,13,4,51.2,2018,1,7,6,1,1,1,1,1,27,3
2018-01-08,5.0,2.0,13,5,86.86,2018,1,8,0,2,1,1,2,1,24,6
2018-01-09,9.0,-1.0,10,4,119.76,2018,1,9,1,2,1,1,2,1,20,6
2018-01-10,9.0,1.0,27,4,86.75,2018,1,10,2,2,1,1,2,1,20,3
2018-01-11,7.0,-1.0,13,4,136.39000000000001,2018,1,11,3,2,2,1,2,1,20,3
2018-01-12,4.0,-1.0,13,4,126.06000000000002,2018,1,12,4,2,2,1,2,1,20,3
2018-01-13,6.0,-3.0,10,0,180.20999999999998,2018,1,13,5,2,2,1,2,1,20,1
2018-01-14,12.0,0.0,13,0,222.65999999999997,2018,1,14,6,2,2,1,2,1,20,7
2018-01-15,15.0,2.0,10,2,58.93000000000001,2018,1,15,0,3,2,1,3,1,3,4
2018-01-16,15.0,8.0,13,0,121.26999999999998,2018,1,16,1,3,2,2,3,1,24,3
2018-01-17,12.0,7.0,10,1,65.56,2018,1,17,2,3,2,2,3,1,3,2
2018-01-18,8.0,7.0,12,3,72.32000000000001,2018,1,18,3,3,2,2,3,1,3,0
2018-01-19,8.0,6.0,10,3,143.7,2018,1,19,4,3,2,2,3,1,24,0
2018-01-20,8.0,6.0,9,0,93.07000000000001,2018,1,20,5,3,2,2,3,1,27,2
2018-01-21,7.0,6.0,12,4,105.82000000000001,2018,1,21,6,3,3,2,3,1,27,0
2018-01-22,11.0,3.0,13,0,46.89,2018,1,22,0,4,3,2,4,1,3,3
2018-01-23,7.0,3.0,13,0,18.46,2018,1,23,1,4,3,2,4,1,24,0
2018-01-24,3.0,0.0,17,7,43.57,2018,1,24,2,4,3,2,4,1,24,0
2018-01-25,0.0,0.0,12,6,123.87000000000002,2018,1,25,3,4,3,2,4,1,28,0
2018-01-26,0.0,-1.0,13,7,196.26000000000002,2018,1,26,4,4,3,2,4,1,28,0
2018-01-27,0.0,-1.0,10,1,78.33000000000001,2018,1,27,5,4,3,2,4,1,28,0
2018-01-28,1.0,0.0,12,4,74.75,2018,1,28,6,4,3,2,4,1,24,3
2018-01-29,1.0,-3.0,13,5,81.34,2018,1,29,0,5,3,2,4,1,3,6
2018-01-30,2.0,-4.0,10,3,76.05,2018,1,30,1,5,3,2,4,1,3,6
2018-01-31,0.0,-2.0,10,0,205.60000000000002,2018,1,31,2,5,3,2,4,1,3,6
2018-02-01,5.0,-3.0,10,2,273.43000000000006,2018,2,1,3,5,1,1,1,1,3,7
2018-02-02,7.0,-1.0,13,3,163.28000000000003,2018,2,2,4,5,1,1,1,1,3,3
2018-02-03,2.0,-1.0,18,7,276.23,2018,2,3,5,5,1,1,1,1,3,3
2018-02-04,2.0,-3.0,12,5,144.63,2018,2,4,6,5,1,1,1,1,20,3
2018-02-05,6.0,-3.0,10,4,101.07,2018,2,5,0,6,1,1,1,1,20,6
2018-02-06,6.0,-3.0,13,4,98.4,2018,2,6,1,6,1,1,1,1,20,0
2018-02-07,7.0,-1.0,10,3,30.009999999999998,2018,2,7,2,6,1,1,1,1,3,7
2018-02-08,9.0,0.0,10,0,62.57000000000001,2018,2,8,3,6,1,1,2,1,20,1
2018-02-09,6.0,3.0,13,3,71.11,2018,2,9,4,6,1,1,2,1,3,7
2018-02-10,6.0,3.0,13,2,61.61,2018,2,10,5,6,1,1,2,1,24,3
2018-02-11,10.0,0.0,11,1,54.3,2018,2,11,6,6,2,1,2,1,20,3
2018-02-12,11.0,0.0,21,0,59.120000000000005,2018,2,12,0,7,2,1,2,1,20,3
2018-02-13,15.0,0.0,11,5,26.32,2018,2,13,1,7,2,1,2,1,20,4
2018-02-14,16.0,5.0,13,0,11.9,2018,2,14,2,7,2,1,2,1,20,7
2018-02-15,12.0,6.0,12,6,33.31,2018,2,15,3,7,2,1,3,1,24,3
2018-02-16,6.0,5.0,10,4,6.07,2018,2,16,4,7,2,2,3,1,24,0
2018-02-17,12.0,4.0,21,2,7.43,2018,2,17,5,7,2,2,3,1,3,2
2018-02-18,8.0,4.0,13,0,12.28,2018,2,18,6,7,2,2,3,1,3,3
2018-02-19,7.0,5.0,12,4,45.00999999999999,2018,2,19,0,8,2,2,3,1,27,3
2018-02-20,6.0,4.0,13,4,10.71,2018,2,20,1,8,2,2,3,1,27,0
2018-02-21,6.0,3.0,10,4,16.44,2018,2,21,2,8,3,2,3,1,24,3
2018-02-22,7.0,4.0,13,0,35.32,2018,2,22,3,8,3,2,4,1,24,7
2018-02-23,16.0,2.0,10,0,27.76,2018,2,23,4,8,3,2,4,1,20,7
2018-02-24,9.0,5.0,10,0,32.29,2018,2,24,5,8,3,2,4,1,24,3
2018-02-25,9.0,7.0,14,0,50.95,2018,2,25,6,8,3,2,4,1,24,3
2018-02-26,14.0,7.0,10,0,15.14,2018,2,26,0,9,3,2,4,1,20,7
2018-02-27,20.0,5.0,12,2,15.93,2018,2,27,1,9,3,2,4,1,3,7
2018-02-28,17.0,9.0,18,1,31.64,2018,2,28,2,9,3,2,4,1,3,6
2018-03-01,18.0,8.0,18,6,11.95,2018,3,1,3,9,1,1,1,1,20,2
2018-03-02,8.0,6.0,12,4,40.760000000000005,2018,3,2,4,9,1,1,1,1,27,2
2018-03-03,23.0,8.0,13,0,9.0,2018,3,3,5,9,1,1,1,1,24,2
2018-03-04,29.0,11.0,19,0,40.24,2018,3,4,6,9,1,1,1,1,3,7
2018-03-05,18.0,8.0,25,8,68.86,2018,3,5,0,10,1,1,1,1,24,3
2018-03-06,10.0,5.0,13,5,88.16999999999999,2018,3,6,1,10,1,1,1,1,24,0
2018-03-07,9.0,7.0,10,3,71.74000000000001,2018,3,7,2,10,1,1,1,1,27,1
2018-03-08,10.0,6.0,14,5,65.17999999999999,2018,3,8,3,10,1,1,2,1,24,3
2018-03-09,12.0,3.0,13,2,96.11000000000001,2018,3,9,4,10,1,1,2,1,20,3
2018-03-10,18.0,3.0,12,3,74.14000000000001,2018,3,10,5,10,1,1,2,1,20,1
2018-03-11,23.0,5.0,21,3,38.370000000000005,2018,3,11,6,10,2,1,2,1,3,4
2018-03-12,23.0,9.0,13,7,85.4,2018,3,12,0,11,2,1,2,1,3,4
2018-03-13,27.0,11.0,11,2,71.91,2018,3,13,1,11,2,1,2,1,3,4
2018-03-14,21.0,15.0,14,1,38.46,2018,3,14,2,11,2,1,2,1,24,7
2018-03-15,21.0,14.0,10,1,56.62,2018,3,15,3,11,2,1,3,1,24,7
2018-03-16,13.0,7.0,18,7,135.35000000000002,2018,3,16,4,11,2,2,3,1,27,3
2018-03-17,17.0,7.0,11,4,168.21999999999994,2018,3,17,5,11,2,2,3,1,3,1
2018-03-18,14.0,10.0,10,0,80.10000000000001,2018,3,18,6,11,2,2,3,1,27,3
2018-03-19,11.0,8.0,19,7,60.8,2018,3,19,0,12,2,2,3,1,24,3
2018-03-20,8.0,6.0,15,6,48.09,2018,3,20,1,12,2,2,3,1,24,3
2018-03-21,10.0,5.0,14,4,57.95,2018,3,21,2,12,3,2,3,1,24,3
2018-03-22,18.0,4.0,15,1,69.43,2018,3,22,3,12,3,2,4,1,20,7
2018-03-23,21.0,7.0,13,1,73.16,2018,3,23,4,12,3,2,4,1,3,7
2018-03-24,23.0,9.0,11,2,91.47999999999999,2018,3,24,5,12,3,2,4,1,3,4
2018-03-25,21.0,13.0,11,1,115.87,2018,3,25,6,12,3,2,4,1,24,7
2018-03-26,19.0,13.0,11,2,19.599999999999998,2018,3,26,0,13,3,2,4,1,24,7
2018-03-27,24.0,12.0,11,1,34.54,2018,3,27,1,13,3,2,4,1,3,7
2018-04-05,15.0,8.0,30,1,58.17,2018,4,5,3,14,1,1,1,2,27,3
2018-04-06,16.0,8.0,26,1,135.27999999999997,2018,4,6,4,14,1,1,1,2,24,3
2018-04-07,16.0,9.0,25,2,296.88,2018,4,7,5,14,1,1,1,2,20,3
2018-04-08,23.0,6.0,26,7,96.91,2018,4,8,6,14,1,1,2,2,20,7
2018-04-09,27.0,11.0,19,6,242.54000000000002,2018,4,9,0,15,1,1,2,2,20,7
2018-04-10,30.0,17.0,38,4,61.81,2018,4,10,1,15,1,1,2,2,20,7
2018-04-11,28.0,17.0,16,1,126.67000000000002,2018,4,11,2,15,2,1,2,2,24,2
2018-04-12,19.0,17.0,11,2,50.970000000000006,2018,4,12,3,15,2,1,2,2,3,0
2018-04-13,17.0,15.0,14,1,34.68,2018,4,13,4,15,2,1,2,2,24,2
2018-04-14,17.0,11.0,37,2,177.14,2018,4,14,5,15,2,1,2,2,27,3
2018-04-15,19.0,9.0,19,1,48.54,2018,4,15,6,15,2,1,3,2,3,6
2018-04-16,16.0,11.0,11,1,164.17000000000002,2018,4,16,0,16,2,2,3,2,24,1
2018-04-17,22.0,8.0,10,1,163.75,2018,4,17,1,16,2,2,3,2,3,4
2018-04-18,26.0,10.0,19,1,23.080000000000002,2018,4,18,2,16,2,2,3,2,20,2
2018-04-19,29.0,13.0,19,1,52.53,2018,4,19,3,16,2,2,3,2,20,2
2018-04-20,29.0,15.0,19,2,184.37,2018,4,20,4,16,2,2,3,2,20,4
2018-04-21,28.0,20.0,11,3,137.33999999999997,2018,4,21,5,16,3,2,3,2,3,7
2018-04-22,30.0,21.0,17,1,156.69000000000003,2018,4,22,6,16,3,2,4,2,3,7
2018-04-23,22.0,15.0,24,1,334.45,2018,4,23,0,17,3,2,4,2,27,3
2018-04-24,19.0,13.0,24,4,269.33,2018,4,24,1,17,3,2,4,2,24,3
2018-04-25,23.0,12.0,19,1,248.62000000000003,2018,4,25,2,17,3,2,4,2,20,6
2018-04-26,24.0,15.0,11,1,249.8,2018,4,26,3,17,3,2,4,2,3,2
2018-04-27,27.0,18.0,11,1,171.01,2018,4,27,4,17,3,2,4,2,3,6
2018-04-28,29.0,14.0,17,1,359.47000000000014,2018,4,28,5,17,3,2,4,2,3,2
2018-04-29,28.0,18.0,25,4,210.12,2018,4,29,6,17,3,2,4,2,24,7
2018-04-30,29.0,21.0,12,2,176.67000000000002,2018,4,30,0,18,3,2,4,2,24,7
2018-05-01,30.0,22.0,35,1,277.61,2018,5,1,1,18,1,1,1,2,3,7
2018-05-02,27.0,18.0,32,3,186.73000000000002,2018,5,2,2,18,1,1,1,2,24,6
2018-05-03,27.0,14.0,19,1,272.54,2018,5,3,3,18,1,1,1,2,3,7
2018-05-04,29.0,14.0,15,1,165.60000000000002,2018,5,4,4,18,1,1,1,2,3,4
2018-05-05,21.0,15.0,19,4,225.51999999999998,2018,5,5,5,18,1,1,1,2,27,7
2018-05-06,29.0,19.0,20,4,136.42,2018,5,6,6,18,1,1,1,2,24,7
2018-05-07,22.0,17.0,18,1,142.88000000000002,2018,5,7,0,19,1,1,1,2,24,3
2018-05-08,25.0,17.0,19,3,386.0599999999999,2018,5,8,1,19,1,1,2,2,3,3
2018-05-09,24.0,14.0,19,3,241.95999999999998,2018,5,9,2,19,1,1,2,2,20,2
2018-05-10,24.0,16.0,19,2,274.9,2018,5,10,3,19,1,1,2,2,24,2
2018-05-11,28.0,14.0,11,1,190.63,2018,5,11,4,19,2,1,2,2,20,4
2018-05-12,28.0,22.0,19,2,330.73,2018,5,12,5,19,2,1,2,2,3,7
2018-05-13,30.0,22.0,17,2,217.24,2018,5,13,6,19,2,1,2,2,3,2
2018-05-14,34.0,21.0,17,1,189.78000000000003,2018,5,14,0,20,2,1,2,2,3,4
2018-05-15,36.0,25.0,25,2,241.01,2018,5,15,1,20,2,1,3,2,3,7
2018-05-16,37.0,27.0,27,2,215.51999999999998,2018,5,16,2,20,2,2,3,2,3,7
2018-05-17,35.0,27.0,19,1,121.75999999999999,2018,5,17,3,20,2,2,3,2,3,7
2018-05-18,35.0,23.0,19,1,77.76999999999998,2018,5,18,4,20,2,2,3,2,3,0
2018-05-19,24.0,21.0,19,2,332.82999999999976,2018,5,19,5,20,2,2,3,2,24,2
2018-05-20,22.0,19.0,19,2,170.35999999999999,2018,5,20,6,20,2,2,3,2,24,0
2018-05-21,21.0,18.0,11,1,236.31000000000006,2018,5,21,0,21,3,2,3,2,24,0
2018-05-22,28.0,20.0,27,1,157.37,2018,5,22,1,21,3,2,4,2,24,3
2018-05-23,26.0,19.0,19,5,263.93000000000006,2018,5,23,2,21,3,2,4,2,3,3
2018-05-24,29.0,17.0,11,1,219.14,2018,5,24,3,21,3,2,4,2,3,7
2018-05-25,32.0,22.0,28,3,236.28,2018,5,25,4,21,3,2,4,2,3,7
2018-05-26,25.0,22.0,15,2,230.08000000000004,2018,5,26,5,21,3,2,4,2,27,3
2018-05-27,24.0,21.0,11,1,287.12000000000006,2018,5,27,6,21,3,2,4,2,24,0
2018-05-28,28.0,21.0,11,1,239.51000000000002,2018,5,28,0,22,3,2,4,2,3,7
2018-05-29,27.0,22.0,11,1,336.08000000000004,2018,5,29,1,22,3,2,4,2,3,7
2018-05-30,29.0,22.0,11,1,156.84,2018,5,30,2,22,3,2,4,2,24,3
2018-05-31,24.0,18.0,18,1,185.54999999999998,2018,5,31,3,22,3,2,4,2,27,0
2018-06-01,26.0,16.0,19,2,239.14,2018,6,1,4,22,1,1,1,2,24,7
2018-06-02,24.0,18.0,19,1,469.65,2018,6,2,5,22,1,1,1,2,24,2
2018-06-03,25.0,18.0,16,1,279.5199999999999,2018,6,3,6,22,1,1,1,2,24,2
2018-06-04,28.0,18.0,13,1,93.31,2018,6,4,0,23,1,1,1,2,3,7
2018-06-05,23.0,19.0,15,1,70.53000000000002,2018,6,5,1,23,1,1,1,2,24,7
2018-06-06,29.0,19.0,15,2,88.01999999999998,2018,6,6,2,23,1,1,1,2,24,2
2018-06-07,30.0,21.0,11,1,80.61999999999999,2018,6,7,3,23,1,1,1,2,3,2
2018-06-08,28.0,23.0,17,2,141.08,2018,6,8,4,23,1,1,2,2,24,0
2018-06-09,28.0,21.0,17,1,128.76999999999998,2018,6,9,5,23,1,1,2,2,24,0
2018-06-10,24.0,20.0,11,2,56.650000000000006,2018,6,10,6,23,1,1,2,2,14,0
2018-06-11,31.0,19.0,17,1,147.36,2018,6,11,0,24,2,1,2,2,20,7
2018-06-12,33.0,20.0,19,3,84.08,2018,6,12,1,24,2,1,2,2,3,7
2018-06-13,34.0,21.0,18,2,77.51,2018,6,13,2,24,2,1,2,2,3,7
2018-06-14,33.0,23.0,19,1,108.21000000000002,2018,6,14,3,24,2,1,2,2,3,4
2018-06-15,31.0,22.0,19,3,11.1,2018,6,15,4,24,2,1,3,2,20,2
2018-06-16,29.0,22.0,24,2,10.4,2018,6,16,5,24,2,2,3,2,3,2
2018-06-17,31.0,20.0,17,2,0.0,2018,6,17,6,24,2,2,3,2,3,2
2018-06-18,34.0,22.0,19,3,10.370000000000001,2018,6,18,0,25,2,2,3,2,3,2
2018-06-19,33.0,25.0,16,1,9.12,2018,6,19,1,25,2,2,3,2,3,7
2018-06-20,25.0,21.0,26,3,13.59,2018,6,20,2,25,2,2,3,2,14,0
2018-06-21,29.0,21.0,17,2,4.2,2018,6,21,3,25,3,2,3,2,24,2
2018-06-22,23.0,19.0,19,2,0.0,2018,6,22,4,25,3,2,4,2,14,2
2018-06-23,21.0,19.0,11,1,11.6,2018,6,23,5,25,3,2,4,2,14,0
2018-06-24,30.0,21.0,11,1,3.0999999999999996,2018,6,24,6,25,3,2,4,2,24,2
2018-06-25,36.0,26.0,17,2,17.61,2018,6,25,0,26,3,2,4,2,3,7
2018-06-26,36.0,27.0,19,6,9.4,2018,6,26,1,26,3,2,4,2,20,7
2018-06-27,36.0,28.0,18,6,0.0,2018,6,27,2,26,3,2,4,2,3,7
2018-06-28,34.0,28.0,20,4,0.0,2018,6,28,3,26,3,2,4,2,24,7
2018-06-29,32.0,24.0,27,2,3.0,2018,6,29,4,26,3,2,4,2,14,6
2018-06-30,30.0,23.0,16,2,-10.1,2018,6,30,5,26,3,2,4,2,24,7
2018-07-01,30.0,23.0,17,1,20.7,2018,7,1,6,26,1,1,1,3,14,7
2018-07-02,33.0,25.0,21,1,1.0,2018,7,2,0,27,1,1,1,3,24,7
2018-07-03,32.0,25.0,18,1,0.0,2018,7,3,1,27,1,1,1,3,24,7
2018-07-04,33.0,25.0,19,1,10.4,2018,7,4,2,27,1,1,1,3,14,7
2018-07-05,31.0,24.0,19,1,7.999999999999999,2018,7,5,3,27,1,1,1,3,14,7
2018-07-06,34.0,25.0,13,2,0.0,2018,7,6,4,27,1,1,1,3,14,7
2018-07-07,32.0,25.0,15,1,-4.6,2018,7,7,5,27,1,1,1,3,3,2
2018-07-10,34.0,26.0,27,3,4.6,2018,7,10,1,28,1,1,2,3,20,2
2018-07-11,32.0,27.0,21,6,9.2,2018,7,11,2,28,2,1,2,3,3,2
2018-07-12,34.0,27.0,28,6,8.54,2018,7,12,3,28,2,1,2,3,3,4
2018-07-13,35.0,27.0,19,2,2.45,2018,7,13,4,28,2,1,2,3,3,4
2018-07-14,35.0,27.0,19,6,4.38,2018,7,14,5,28,2,1,2,3,20,4
2018-07-15,35.0,27.0,15,6,0.0,2018,7,15,6,28,2,1,3,3,20,4
2018-07-16,35.0,28.0,18,6,3.5,2018,7,16,0,29,2,2,3,3,20,4
2018-07-17,36.0,28.0,17,2,0.0,2018,7,17,1,29,2,2,3,3,3,4
2018-07-18,36.0,27.0,17,6,0.0,2018,7,18,2,29,2,2,3,3,3,4
2018-07-19,36.0,27.0,19,2,7.75,2018,7,19,3,29,2,2,3,3,20,4
2018-07-21,34.0,26.0,25,3,0.0,2018,7,21,5,29,3,2,3,3,3,2
2018-07-22,29.0,26.0,17,7,13.46,2018,7,22,6,29,3,2,4,3,24,6
2018-07-23,35.0,26.0,19,2,0.0,2018,7,23,0,30,3,2,4,3,3,7
2018-07-24,34.0,26.0,11,2,2.8,2018,7,24,1,30,3,2,4,3,14,7
2018-07-25,37.0,26.0,14,2,2.5,2018,7,25,2,30,3,2,4,3,24,7
2018-07-26,37.0,24.0,32,1,0.0,2018,7,26,3,30,3,2,4,3,20,7
2018-07-27,35.0,24.0,11,1,37.339999999999996,2018,7,27,4,30,3,2,4,3,3,7
2018-07-28,38.0,26.0,11,2,7.4,2018,7,28,5,30,3,2,4,3,3,7
2018-07-29,36.0,28.0,23,1,29.290000000000003,2018,7,29,6,30,3,2,4,3,20,6
2018-07-30,37.0,27.0,19,2,42.74,2018,7,30,0,31,3,2,4,3,3,6
2018-07-31,35.0,25.0,28,3,10.59,2018,7,31,1,31,3,2,4,3,24,7
2018-08-01,34.0,25.0,11,1,5.0,2018,8,1,2,31,1,1,1,3,3,7
2018-08-02,34.0,25.0,25,2,2.39,2018,8,2,3,31,1,1,1,3,24,3
2018-08-03,30.0,25.0,19,5,-2.39,2018,8,3,4,31,1,1,1,3,14,7
2018-08-04,34.0,25.0,10,2,0.0,2018,8,4,5,31,1,1,1,3,3,7
2018-08-05,36.0,26.0,17,1,0.0,2018,8,5,6,31,1,1,1,3,20,7
2018-08-06,37.0,26.0,12,1,7.300000000000001,2018,8,6,0,32,1,1,1,3,20,7
2018-08-07,36.0,25.0,26,2,0.0,2018,8,7,1,32,1,1,1,3,3,3
2018-08-08,36.0,26.0,11,1,2.3,2018,8,8,2,32,1,1,2,3,20,0
2018-08-09,36.0,26.0,16,1,2.0,2018,8,9,3,32,1,1,2,3,3,3
2018-08-10,38.0,26.0,11,2,2.09,2018,8,10,4,32,1,1,2,3,3,4
2018-08-11,36.0,26.0,11,2,0.0,2018,8,11,5,32,2,1,2,3,3,0
2018-08-12,30.0,26.0,11,2,27.76,2018,8,12,6,32,2,1,2,3,14,0
2018-08-13,35.0,25.0,22,2,11.86,2018,8,13,0,33,2,1,2,3,24,0
2018-08-15,35.0,28.0,19,2,2.66,2018,8,15,2,33,2,1,3,3,3,0
2018-08-16,35.0,26.0,19,2,13.22,2018,8,16,3,33,2,2,3,3,3,6
2018-08-17,30.0,25.0,21,5,8.06,2018,8,17,4,33,2,2,3,3,14,4
2018-08-18,34.0,26.0,19,2,10.32,2018,8,18,5,33,2,2,3,3,24,4
2018-08-19,34.0,27.0,22,2,8.39,2018,8,19,6,33,2,2,3,3,3,1
2018-08-20,35.0,27.0,11,2,12.98,2018,8,20,0,34,2,2,3,3,3,7
2018-08-21,33.0,27.0,11,1,12.66,2018,8,21,1,34,3,2,3,3,3,0
2018-08-23,33.0,26.0,19,3,3.8,2018,8,23,3,34,3,2,4,3,3,3
2018-08-24,32.0,23.0,19,3,0.0,2018,8,24,4,34,3,2,4,3,3,0
2018-08-25,28.0,22.0,27,6,13.120000000000001,2018,8,25,5,34,3,2,4,3,24,3
2018-08-27,33.0,25.0,18,1,0.0,2018,8,27,0,35,3,2,4,3,3,1
2018-08-28,34.0,26.0,19,3,0.0,2018,8,28,1,35,3,2,4,3,3,1
2018-08-29,34.0,26.0,19,2,4.3,2018,8,29,2,35,3,2,4,3,3,4
2018-08-30,34.0,27.0,17,2,111.3,2018,8,30,3,35,3,2,4,3,3,4
2018-08-31,33.0,27.0,18,2,121.27999999999997,2018,8,31,4,35,3,2,4,3,3,7
2018-09-01,33.0,26.0,17,2,100.36,2018,9,1,5,35,1,1,1,3,3,8
2018-09-02,35.0,25.0,15,1,142.56000000000006,2018,9,2,6,35,1,1,1,3,3,4
2018-09-03,34.0,26.0,11,2,100.09000000000002,2018,9,3,0,36,1,1,1,3,3,4
2018-09-04,34.0,24.0,18,2,128.19,2018,9,4,1,36,1,1,1,3,3,6
2018-09-05,34.0,22.0,17,2,127.44,2018,9,5,2,36,1,1,1,3,3,4
2018-09-06,34.0,23.0,16,2,121.03999999999999,2018,9,6,3,36,1,1,1,3,3,7
2018-09-07,28.0,22.0,19,2,76.58,2018,9,7,4,36,1,1,1,3,24,4
2018-09-08,22.0,19.0,11,2,131.56,2018,9,8,5,36,1,1,2,3,14,7
2018-09-09,27.0,19.0,19,2,124.45999999999995,2018,9,9,6,36,1,1,2,3,3,7
2018-09-10,26.0,19.0,16,1,79.86,2018,9,10,0,37,1,1,2,3,24,0
2018-09-11,25.0,21.0,11,2,107.81999999999996,2018,9,11,1,37,2,1,2,3,24,4
2018-09-12,26.0,20.0,11,1,106.25000000000001,2018,9,12,2,37,2,1,2,3,24,0
2018-09-13,28.0,23.0,11,1,75.71,2018,9,13,3,37,2,1,2,3,3,4
2018-09-14,32.0,24.0,10,1,75.86,2018,9,14,4,37,2,1,2,3,3,8
2018-09-15,31.0,24.0,14,1,65.71,2018,9,15,5,37,2,1,3,3,3,2
2018-09-16,31.0,24.0,19,1,71.24,2018,9,16,6,37,2,2,3,3,14,2
2018-09-17,28.0,24.0,14,1,121.79999999999997,2018,9,17,0,38,2,2,3,3,24,2
2018-09-18,32.0,24.0,11,1,136.5,2018,9,18,1,38,2,2,3,3,24,7
2018-09-19,34.0,25.0,11,1,128.6,2018,9,19,2,38,2,2,3,3,3,7
2018-09-20,35.0,25.0,16,1,78.05000000000001,2018,9,20,3,38,2,2,3,3,3,7
2018-09-21,25.0,23.0,19,1,278.06999999999994,2018,9,21,4,38,3,2,3,3,24,3
2018-09-22,24.0,22.0,11,1,101.57999999999998,2018,9,22,5,38,3,2,4,3,24,0
2018-09-23,27.0,22.0,11,2,109.41,2018,9,23,6,38,3,2,4,3,24,3
2018-09-24,28.0,20.0,21,3,99.11,2018,9,24,0,39,3,2,4,3,3,2
2018-09-25,26.0,21.0,27,6,121.5,2018,9,25,1,39,3,2,4,3,3,0
2018-09-26,25.0,20.0,24,5,139.17,2018,9,26,2,39,3,2,4,3,3,3
2018-09-27,25.0,19.0,16,1,117.09000000000002,2018,9,27,3,39,3,2,4,3,24,3
2018-09-28,27.0,17.0,11,1,131.70999999999998,2018,9,28,4,39,3,2,4,3,3,4
2018-09-29,27.0,19.0,38,2,141.07999999999998,2018,9,29,5,39,3,2,4,3,3,3
2018-09-30,28.0,17.0,11,2,83.71000000000001,2018,9,30,6,39,3,2,4,3,20,6
2018-10-01,26.0,17.0,19,2,114.02,2018,10,1,0,40,1,1,1,4,20,6
2018-10-02,25.0,14.0,11,1,88.7,2018,10,2,1,40,1,1,1,4,3,4
2018-10-03,25.0,13.0,15,1,164.64000000000004,2018,10,3,2,40,1,1,1,4,3,2
2018-10-04,25.0,15.0,27,2,126.90000000000002,2018,10,4,3,40,1,1,1,4,3,0
2018-10-05,26.0,18.0,26,6,184.26000000000002,2018,10,5,4,40,1,1,1,4,24,3
2018-10-06,28.0,15.0,15,2,111.12000000000003,2018,10,6,5,40,1,1,1,4,20,6
2018-10-07,25.0,13.0,16,2,154.01999999999998,2018,10,7,6,40,1,1,1,4,3,7
2018-10-08,25.0,15.0,16,2,102.31,2018,10,8,0,41,1,1,2,4,3,2
2018-10-09,24.0,19.0,11,1,135.7,2018,10,9,1,41,1,1,2,4,24,6
2018-10-10,18.0,13.0,27,1,117.41999999999999,2018,10,10,2,41,1,1,2,4,3,3
2018-10-11,21.0,12.0,17,3,97.21999999999997,2018,10,11,3,41,2,1,2,4,3,3
2018-10-12,21.0,12.0,23,2,213.58000000000004,2018,10,12,4,41,2,1,2,4,24,2
2018-10-13,22.0,13.0,17,1,210.06000000000003,2018,10,13,5,41,2,1,2,4,3,2
2018-10-14,20.0,16.0,11,2,105.17999999999999,2018,10,14,6,41,2,1,2,4,14,2
2018-10-15,19.0,15.0,11,2,200.32,2018,10,15,0,42,2,1,3,4,24,6
2018-10-16,17.0,14.0,19,4,55.99000000000001,2018,10,16,1,42,2,2,3,4,24,3
2018-10-17,22.0,13.0,11,1,64.95,2018,10,17,2,42,2,2,3,4,3,6
2018-10-18,20.0,13.0,15,1,95.88,2018,10,18,3,42,2,2,3,4,3,0
2018-10-19,20.0,11.0,15,2,75.11,2018,10,19,4,42,2,2,3,4,3,0
2018-10-20,19.0,14.0,19,1,104.61999999999998,2018,10,20,5,42,2,2,3,4,24,2
2018-10-21,20.0,15.0,8,1,184.23000000000002,2018,10,21,6,42,3,2,3,4,24,2
2018-10-22,19.0,16.0,11,1,173.14,2018,10,22,0,43,3,2,4,4,24,6
2018-10-23,22.0,15.0,15,1,30.759999999999998,2018,10,23,1,43,3,2,4,4,24,3
2018-10-24,23.0,13.0,16,2,53.8,2018,10,24,2,43,3,2,4,4,3,7
2018-10-25,22.0,15.0,9,2,10.28,2018,10,25,3,43,3,2,4,4,24,7
2018-10-26,24.0,16.0,17,1,14.56,2018,10,26,4,43,3,2,4,4,3,6
2018-10-27,22.0,11.0,11,1,56.44,2018,10,27,5,43,3,2,4,4,20,6
2018-10-28,24.0,10.0,17,2,22.509999999999998,2018,10,28,6,43,3,2,4,4,20,7
2018-10-29,27.0,12.0,17,1,36.78,2018,10,29,0,44,3,2,4,4,20,7
2018-10-30,24.0,12.0,11,1,17.409999999999997,2018,10,30,1,44,3,2,4,4,20,4
2018-10-31,21.0,16.0,18,3,23.43,2018,10,31,2,44,3,2,4,4,20,0
2018-11-01,18.0,12.0,17,2,129.48,2018,11,1,3,44,1,1,1,4,3,0
2018-11-02,18.0,11.0,16,3,111.83999999999999,2018,11,2,4,44,1,1,1,4,3,2
2018-11-03,17.0,14.0,10,2,121.07,2018,11,3,5,44,1,1,1,4,14,6
2018-11-04,22.0,16.0,16,1,114.54,2018,11,4,6,44,1,1,1,4,24,2
2018-11-05,21.0,17.0,25,2,151.33000000000004,2018,11,5,0,45,1,1,1,4,24,0
2018-11-06,20.0,17.0,18,5,123.68999999999997,2018,11,6,1,45,1,1,1,4,24,2
2018-11-07,17.0,14.0,22,4,39.95,2018,11,7,2,45,1,1,1,4,24,3
2018-11-08,14.0,9.0,17,1,238.54999999999998,2018,11,8,3,45,1,1,2,4,24,3
2018-11-09,18.0,8.0,11,1,176.5,2018,11,9,4,45,1,1,2,4,20,7
2018-11-10,19.0,9.0,10,1,110.42000000000002,2018,11,10,5,45,1,1,2,4,3,2
2018-11-11,19.0,13.0,26,2,13.420000000000002,2018,11,11,6,45,2,1,2,4,24,3
2018-11-12,14.0,13.0,11,3,101.64000000000001,2018,11,12,0,46,2,1,2,4,24,3
2018-11-13,17.0,12.0,11,2,130.72,2018,11,13,1,46,2,1,2,4,3,3
2018-11-14,16.0,12.0,11,2,159.29999999999998,2018,11,14,2,46,2,1,2,4,24,2
2018-11-15,15.0,13.0,11,1,153.31,2018,11,15,3,46,2,1,3,4,24,6
2018-11-16,14.0,12.0,19,4,27.02,2018,11,16,4,46,2,2,3,4,24,3
2018-11-17,13.0,11.0,13,1,4.77,2018,11,17,5,46,2,2,3,4,24,3
2018-11-18,12.0,10.0,17,5,4.8100000000000005,2018,11,18,6,46,2,2,3,4,14,3
2018-11-19,12.0,9.0,18,1,25.04,2018,11,19,0,47,2,2,3,4,24,3
2018-11-20,16.0,8.0,11,1,25.83,2018,11,20,1,47,2,2,3,4,3,1
2018-11-21,15.0,11.0,19,1,18.01,2018,11,21,2,47,3,2,3,4,24,3
2018-11-22,15.0,8.0,18,2,68.78,2018,11,22,3,47,3,2,4,4,20,3
2018-11-23,16.0,6.0,11,1,25.809999999999995,2018,11,23,4,47,3,2,4,4,20,4
2018-11-24,20.0,8.0,18,1,7.6,2018,11,24,5,47,3,2,4,4,3,4
2018-11-25,17.0,9.0,10,1,14.040000000000001,2018,11,25,6,47,3,2,4,4,3,4
2018-11-26,18.0,12.0,11,2,10.83,2018,11,26,0,48,3,2,4,4,3,7
2018-11-27,19.0,10.0,11,1,17.740000000000002,2018,11,27,1,48,3,2,4,4,3,7
2018-11-28,17.0,10.0,11,1,134.76,2018,11,28,2,48,3,2,4,4,3,4
2018-11-29,20.0,9.0,11,2,151.87,2018,11,29,3,48,3,2,4,4,3,7
2018-11-30,18.0,10.0,10,1,95.72000000000001,2018,11,30,4,48,3,2,4,4,3,3
2018-12-01,20.0,11.0,11,2,76.10000000000002,2018,12,1,5,48,1,1,1,4,3,6
2018-12-02,16.0,12.0,11,1,87.52,2018,12,2,6,48,1,1,1,4,24,7
2018-12-03,17.0,14.0,8,1,130.42,2018,12,3,0,49,1,1,1,4,24,3
2018-12-04,17.0,9.0,19,7,112.01000000000003,2018,12,4,1,49,1,1,1,4,14,3
2018-12-05,12.0,9.0,17,2,80.15000000000002,2018,12,5,2,49,1,1,1,4,24,3
2018-12-07,6.0,1.0,28,7,156.46000000000004,2018,12,7,4,49,1,1,1,4,24,3
2018-12-08,1.0,0.0,24,7,98.02000000000001,2018,12,8,5,49,1,1,2,4,29,3
2018-12-09,1.0,0.0,11,2,76.74999999999999,2018,12,9,6,49,1,1,2,4,29,3
2018-12-10,6.0,1.0,11,1,166.16000000000003,2018,12,10,0,50,1,1,2,4,14,7
2018-12-11,6.0,4.0,19,5,65.46000000000001,2018,12,11,1,50,2,1,2,4,24,3
2018-12-12,6.0,2.0,27,2,43.61,2018,12,12,2,50,2,1,2,4,3,3
2018-12-13,6.0,1.0,11,3,129.63,2018,12,13,3,50,2,1,2,4,3,6
2018-12-14,5.0,1.0,10,1,127.25999999999998,2018,12,14,4,50,2,1,2,4,3,6
2018-12-15,7.0,5.0,5,1,110.99,2018,12,15,5,50,2,1,3,4,24,6
2018-12-16,12.0,4.0,11,2,8.85,2018,12,16,6,50,2,2,3,4,3,6
2018-12-17,14.0,3.0,24,1,9.23,2018,12,17,0,51,2,2,3,4,20,7
2018-12-18,16.0,3.0,11,3,4.24,2018,12,18,1,51,2,2,3,4,20,7
2018-12-19,13.0,7.0,18,1,11.71,2018,12,19,2,51,2,2,3,4,24,7
2018-12-20,10.0,8.0,11,2,14.61,2018,12,20,3,51,2,2,3,4,24,6
2018-12-21,13.0,10.0,11,2,14.82,2018,12,21,4,51,3,2,3,4,24,0
2018-12-22,12.0,11.0,15,2,3.63,2018,12,22,5,51,3,2,4,4,14,3
2018-12-23,12.0,8.0,25,6,3.99,2018,12,23,6,51,3,2,4,4,24,3
2018-12-24,12.0,5.0,14,2,0.0,2018,12,24,0,52,3,2,4,4,3,6
2018-12-25,11.0,8.0,8,1,12.35,2018,12,25,1,52,3,2,4,4,24,7
2018-12-26,10.0,7.0,19,6,12.0,2018,12,26,2,52,3,2,4,4,14,3
2018-12-27,7.0,4.0,26,6,21.33,2018,12,27,3,52,3,2,4,4,24,0
2018-12-28,4.0,0.0,27,6,7.949999999999999,2018,12,28,4,52,3,2,4,4,24,3
2018-12-29,2.0,-2.0,25,6,75.38,2018,12,29,5,52,3,2,4,4,20,3
2018-12-30,2.0,0.0,18,5,87.32000000000002,2018,12,30,6,52,3,2,4,4,24,3
2018-12-31,1.0,0.0,10,3,38.67,2018,12,31,0,1,3,2,4,4,24,3
2019-01-01,6.0,1.0,3,3,76.1,2019,1,1,1,1,1,1,1,1,3,5
2019-01-02,7.0,2.0,3,3,55.20000000000001,2019,1,2,2,1,1,1,1,1,24,5
2019-01-03,9.0,4.0,3,3,59.160000000000004,2019,1,3,3,1,1,1,1,1,14,5
2019-01-04,10.0,5.0,3,4,37.13,2019,1,4,4,1,1,1,1,1,14,5
2019-01-05,10.0,5.0,3,3,64.84,2019,1,5,5,1,1,1,1,1,14,5
2019-01-06,8.0,3.0,3,3,67.39,2019,1,6,6,1,1,1,1,1,3,5
2019-01-07,10.0,5.0,3,3,86.06,2019,1,7,0,2,1,1,1,1,14,5
2019-01-08,9.0,4.0,3,3,83.98,2019,1,8,1,2,1,1,2,1,14,0
2019-01-09,9.0,4.0,3,3,54.050000000000004,2019,1,9,2,2,1,1,2,1,14,5
2019-01-10,10.0,5.0,3,3,66.20000000000002,2019,1,10,3,2,1,1,2,1,14,5
2019-01-11,10.0,5.0,3,3,74.32,2019,1,11,4,2,2,1,2,1,14,5
2019-01-12,8.0,3.0,3,3,85.10000000000001,2019,1,12,5,2,2,1,2,1,3,5
2019-01-13,8.0,3.0,3,3,91.32000000000001,2019,1,13,6,2,2,1,2,1,3,5
2019-01-14,9.0,4.0,3,3,85.50999999999999,2019,1,14,0,3,2,1,2,1,14,5
2019-01-15,7.0,2.0,3,3,61.459999999999994,2019,1,15,1,3,2,1,3,1,29,5
2019-01-16,6.0,1.0,3,3,50.28000000000001,2019,1,16,2,3,2,2,3,1,3,5
2019-01-17,6.0,1.0,3,3,7.25,2019,1,17,3,3,2,2,3,1,20,0
2019-01-18,8.0,3.0,3,3,43.17,2019,1,18,4,3,2,2,3,1,20,5
2019-01-19,11.0,6.0,3,3,7.15,2019,1,19,5,3,2,2,3,1,14,5
2019-01-20,6.0,1.0,3,3,7.4399999999999995,2019,1,20,6,3,2,2,3,1,20,5
2019-01-21,5.0,0.0,3,3,4.96,2019,1,21,0,4,3,2,3,1,20,5
2019-01-22,6.0,1.0,3,3,12.82,2019,1,22,1,4,3,2,4,1,20,5
2019-01-23,7.0,2.0,3,3,8.59,2019,1,23,2,4,3,2,4,1,20,5
2019-01-24,6.0,1.0,3,3,1.4,2019,1,24,3,4,3,2,4,1,20,0
2019-01-25,7.0,2.0,3,3,13.16,2019,1,25,4,4,3,2,4,1,3,5
2019-01-26,6.0,1.0,3,3,22.26,2019,1,26,5,4,3,2,4,1,20,5
2019-01-27,7.0,2.0,3,3,0.0,2019,1,27,6,4,3,2,4,1,3,5
2019-01-28,11.0,6.0,3,3,0.0,2019,1,28,0,5,3,2,4,1,24,5
2019-01-29,10.0,5.0,3,3,14.64,2019,1,29,1,5,3,2,4,1,3,5
2019-01-30,12.0,7.0,3,4,2.54,2019,1,30,2,5,3,2,4,1,14,7
2019-01-31,7.0,2.0,3,3,3.23,2019,1,31,3,5,3,2,4,1,3,5
2019-02-01,7.0,2.0,3,3,0.0,2019,2,1,4,5,1,1,1,1,20,0
2019-02-02,16.0,11.0,3,3,0.0,2019,2,2,5,5,1,1,1,1,14,7
2019-02-03,9.0,4.0,3,3,0.0,2019,2,3,6,5,1,1,1,1,3,5
2019-02-04,11.0,6.0,3,3,0.0,2019,2,4,0,6,1,1,1,1,14,0
2019-02-08,6.0,1.0,3,3,7.22,2019,2,8,4,6,1,1,2,1,29,0
2019-02-09,7.0,2.0,3,3,0.0,2019,2,9,5,6,1,1,2,1,29,0
2019-02-10,6.0,1.0,3,3,3.38,2019,2,10,6,6,1,1,2,1,14,5
2019-02-11,8.0,3.0,3,3,0.0,2019,2,11,0,7,2,1,2,1,14,5
2019-02-12,9.0,4.0,3,3,11.07,2019,2,12,1,7,2,1,2,1,14,5
2019-02-13,10.0,5.0,4,5,0.0,2019,2,13,2,7,2,1,2,1,1,0
2019-02-14,10.0,5.0,3,3,35.02,2019,2,14,3,7,2,1,2,1,14,5
2019-02-15,8.0,3.0,3,4,16.58,2019,2,15,4,7,2,1,3,1,14,0
2019-02-16,6.0,1.0,3,3,34.27,2019,2,16,5,7,2,2,3,1,29,0
2019-02-17,9.0,4.0,3,4,58.57999999999999,2019,2,17,6,7,2,2,3,1,14,0
2019-02-18,10.0,5.0,3,4,76.64999999999999,2019,2,18,0,8,2,2,3,1,14,7
2019-02-19,10.0,5.0,3,4,76.02,2019,2,19,1,8,2,2,3,1,1,0
2019-02-20,10.0,5.0,3,3,50.599999999999994,2019,2,20,2,8,2,2,3,1,14,0
2019-02-21,10.0,5.0,3,3,64.74000000000001,2019,2,21,3,8,3,2,3,1,14,5
2019-02-22,7.0,2.0,3,3,46.71000000000001,2019,2,22,4,8,3,2,4,1,3,5
2019-02-23,8.0,3.0,3,3,59.95,2019,2,23,5,8,3,2,4,1,3,5
2019-02-24,10.0,5.0,3,3,131.63999999999996,2019,2,24,6,8,3,2,4,1,3,5
2019-02-25,10.0,5.0,3,3,88.15,2019,2,25,0,9,3,2,4,1,24,0
2019-02-26,12.0,7.0,3,4,94.58999999999999,2019,2,26,1,9,3,2,4,1,1,0
2019-02-27,12.0,7.0,3,3,48.15,2019,2,27,2,9,3,2,4,1,24,5
2019-02-28,11.0,6.0,3,3,79.93,2019,2,28,3,9,3,2,4,1,24,0
2019-03-01,13.0,8.0,5,6,80.18999999999998,2019,3,1,4,9,1,1,1,1,1,0
2019-03-02,11.0,6.0,3,3,59.449999999999996,2019,3,2,5,9,1,1,1,1,14,5
2019-03-03,8.0,3.0,3,3,63.04999999999999,2019,3,3,6,9,1,1,1,1,24,6
2019-03-04,12.0,7.0,3,3,93.64000000000001,2019,3,4,0,10,1,1,1,1,14,0
2019-03-05,12.0,7.0,3,3,88.63000000000001,2019,3,5,1,10,1,1,1,1,14,5
2019-03-06,10.0,5.0,3,3,81.74,2019,3,6,2,10,1,1,1,1,3,5
2019-03-07,8.0,3.0,3,3,107.5,2019,3,7,3,10,1,1,1,1,20,0
2019-03-08,12.0,7.0,3,3,184.43999999999994,2019,3,8,4,10,1,1,2,1,24,0
2019-03-09,12.0,7.0,3,3,123.5,2019,3,9,5,10,1,1,2,1,14,7
2019-03-10,12.0,7.0,3,3,122.19,2019,3,10,6,10,1,1,2,1,20,7
2019-03-11,13.0,8.0,3,3,113.60999999999997,2019,3,11,0,11,2,1,2,1,20,7
2019-03-12,11.0,6.0,3,3,77.67999999999999,2019,3,12,1,11,2,1,2,1,20,0
2019-03-13,13.0,8.0,3,3,115.66,2019,3,13,2,11,2,1,2,1,10,5
2019-03-14,12.0,7.0,3,3,96.98000000000002,2019,3,14,3,11,2,1,2,1,20,7
2019-03-15,11.0,6.0,3,3,146.56000000000003,2019,3,15,4,11,2,1,3,1,3,5
2019-03-16,12.0,7.0,3,3,113.46000000000001,2019,3,16,5,11,2,2,3,1,20,5
2019-03-17,17.0,12.0,4,5,7.8,2019,3,17,6,11,2,2,3,1,14,0
2019-03-18,15.0,10.0,3,3,6.83,2019,3,18,0,12,2,2,3,1,3,5
2019-03-19,19.0,14.0,3,3,16.74,2019,3,19,1,12,2,2,3,1,3,0
2019-03-20,24.0,19.0,3,4,18.52,2019,3,20,2,12,2,2,3,1,30,7
2019-03-21,15.0,10.0,3,4,15.59,2019,3,21,3,12,3,2,3,1,14,0
2019-03-22,12.0,7.0,3,3,5.96,2019,3,22,4,12,3,2,4,1,14,0
2019-03-23,11.0,6.0,3,3,0.0,2019,3,23,5,12,3,2,4,1,20,0
2019-03-24,15.0,10.0,3,3,7.08,2019,3,24,6,12,3,2,4,1,14,5
2019-03-25,13.0,8.0,3,3,-0.2200000000000002,2019,3,25,0,13,3,2,4,1,3,5
2019-03-26,18.0,13.0,3,3,0.0,2019,3,26,1,13,3,2,4,1,14,5
2019-03-27,20.0,15.0,3,3,0.0,2019,3,27,2,13,3,2,4,1,14,5
2019-03-28,17.0,12.0,3,3,0.0,2019,3,28,3,13,3,2,4,1,14,0
2019-03-29,16.0,11.0,3,3,0.0,2019,3,29,4,13,3,2,4,1,3,7
2019-03-30,14.0,9.0,3,4,10.9,2019,3,30,5,13,3,2,4,1,3,0
2019-03-31,11.0,6.0,3,3,18.93,2019,3,31,6,13,3,2,4,1,3,0
2019-04-01,14.0,9.0,3,3,169.35999999999996,2019,4,1,0,14,1,1,1,2,3,5
2019-04-02,16.0,11.0,3,3,185.43000000000006,2019,4,2,1,14,1,1,1,2,14,5
2019-04-03,15.0,10.0,3,3,246.12000000000003,2019,4,3,2,14,1,1,1,2,24,5
2019-04-04,17.0,12.0,3,3,279.1299999999999,2019,4,4,3,14,1,1,1,2,14,7
2019-04-05,18.0,13.0,3,3,218.45,2019,4,5,4,14,1,1,1,2,20,5
2019-04-06,20.0,15.0,3,3,199.11,2019,4,6,5,14,1,1,1,2,20,7
2019-04-07,21.0,16.0,3,3,194.0,2019,4,7,6,14,1,1,1,2,20,7
2019-04-08,24.0,19.0,3,3,174.6400000000001,2019,4,8,0,15,1,1,2,2,3,5
2019-04-09,17.0,12.0,3,4,200.55999999999997,2019,4,9,1,15,1,1,2,2,30,7
2019-04-10,15.0,10.0,3,3,202.04000000000002,2019,4,10,2,15,1,1,2,2,14,0
2019-04-11,13.0,8.0,3,3,151.05999999999997,2019,4,11,3,15,2,1,2,2,3,5
2019-04-12,15.0,10.0,3,3,214.02,2019,4,12,4,15,2,1,2,2,20,2
2019-04-13,19.0,14.0,3,3,207.76999999999998,2019,4,13,5,15,2,1,2,2,24,5
2019-04-14,15.0,10.0,3,3,211.07999999999996,2019,4,14,6,15,2,1,2,2,3,5
2019-04-15,17.0,12.0,3,3,221.76999999999992,2019,4,15,0,16,2,1,3,2,14,2
2019-04-16,18.0,13.0,3,3,223.87000000000003,2019,4,16,1,16,2,2,3,2,20,7
2019-04-17,20.0,15.0,3,3,10.19,2019,4,17,2,16,2,2,3,2,20,5
2019-04-18,22.0,17.0,3,3,137.20000000000002,2019,4,18,3,16,2,2,3,2,3,5
2019-04-19,24.0,19.0,3,3,150.21999999999997,2019,4,19,4,16,2,2,3,2,24,2
2019-04-20,25.0,20.0,3,3,271.77,2019,4,20,5,16,2,2,3,2,24,5
2019-04-21,25.0,20.0,3,3,322.83000000000004,2019,4,21,6,16,3,2,3,2,14,5
2019-04-22,25.0,20.0,3,3,155.61999999999995,2019,4,22,0,17,3,2,4,2,14,5
2019-04-23,26.0,21.0,3,3,215.87999999999997,2019,4,23,1,17,3,2,4,2,14,5
2019-04-24,26.0,21.0,3,3,132.29999999999998,2019,4,24,2,17,3,2,4,2,14,5
2019-04-25,21.0,16.0,3,3,125.95999999999997,2019,4,25,3,17,3,2,4,2,3,0
2019-04-26,17.0,12.0,3,4,300.37000000000006,2019,4,26,4,17,3,2,4,2,24,0
2019-04-27,20.0,15.0,3,3,364.74999999999983,2019,4,27,5,17,3,2,4,2,14,2
2019-04-28,21.0,16.0,3,3,247.24999999999991,2019,4,28,6,17,3,2,4,2,24,5
2019-04-29,20.0,15.0,3,3,298.74,2019,4,29,0,18,3,2,4,2,14,5
2019-04-30,20.0,15.0,3,3,258.24000000000007,2019,4,30,1,18,3,2,4,2,24,7
2019-05-01,18.0,13.0,3,3,291.50000000000006,2019,5,1,2,18,1,1,1,2,3,5
2019-05-02,18.0,13.0,3,3,271.40999999999997,2019,5,2,3,18,1,1,1,2,20,5
2019-05-03,17.0,12.0,3,3,275.20000000000005,2019,5,3,4,18,1,1,1,2,3,5
2019-05-04,20.0,15.0,3,3,314.51999999999987,2019,5,4,5,18,1,1,1,2,20,1
2019-05-05,21.0,16.0,3,4,293.5,2019,5,5,6,18,1,1,1,2,3,0
2019-05-06,17.0,12.0,3,4,212.76,2019,5,6,0,19,1,1,1,2,24,0
2019-05-07,19.0,14.0,3,3,228.38000000000002,2019,5,7,1,19,1,1,1,2,24,2
2019-05-08,19.0,14.0,3,3,367.14000000000004,2019,5,8,2,19,1,1,2,2,3,5
2019-05-09,21.0,16.0,3,3,184.19000000000003,2019,5,9,3,19,1,1,2,2,20,5
2019-05-10,21.0,16.0,3,3,550.7100000000002,2019,5,10,4,19,1,1,2,2,3,5
2019-05-11,23.0,18.0,3,3,350.9100000000001,2019,5,11,5,19,2,1,2,2,20,1
2019-05-12,24.0,19.0,3,3,412.12000000000006,2019,5,12,6,19,2,1,2,2,14,1
2019-05-13,22.0,17.0,3,3,327.69000000000005,2019,5,13,0,20,2,1,2,2,14,5
2019-05-14,23.0,18.0,3,3,223.92,2019,5,14,1,20,2,1,2,2,10,1
2019-05-15,23.0,18.0,3,3,267.45000000000005,2019,5,15,2,20,2,1,3,2,14,5
2019-05-16,25.0,20.0,3,3,93.77,2019,5,16,3,20,2,2,3,2,14,5
2019-05-17,26.0,21.0,3,3,443.99,2019,5,17,4,20,2,2,3,2,24,5
2019-05-18,25.0,20.0,3,3,215.69,2019,5,18,5,20,2,2,3,2,3,5
2019-05-19,23.0,18.0,3,3,84.24000000000001,2019,5,19,6,20,2,2,3,2,24,5
2019-05-20,21.0,16.0,3,3,189.55,2019,5,20,0,21,2,2,3,2,3,5
2019-05-21,23.0,18.0,3,3,298.96999999999997,2019,5,21,1,21,3,2,3,2,3,5
2019-05-22,23.0,18.0,3,3,297.06,2019,5,22,2,21,3,2,4,2,20,5
2019-05-23,24.0,19.0,3,3,304.24,2019,5,23,3,21,3,2,4,2,20,5
2019-05-24,25.0,20.0,3,4,64.22,2019,5,24,4,21,3,2,4,2,3,4
2019-05-25,27.0,22.0,3,4,229.45999999999998,2019,5,25,5,21,3,2,4,2,14,1
2019-05-26,25.0,20.0,3,3,316.74000000000007,2019,5,26,6,21,3,2,4,2,1,7
2019-05-27,24.0,19.0,3,3,230.89,2019,5,27,0,22,3,2,4,2,3,3
2019-05-28,22.0,17.0,3,3,272.00000000000006,2019,5,28,1,22,3,2,4,2,20,5
2019-05-29,22.0,17.0,3,3,301.43,2019,5,29,2,22,3,2,4,2,3,5
2019-05-30,25.0,20.0,3,3,292.16,2019,5,30,3,22,3,2,4,2,14,5
2019-05-31,23.0,18.0,3,3,307.76,2019,5,31,4,22,3,2,4,2,3,5
2019-06-01,24.0,19.0,3,3,350.42,2019,6,1,5,22,1,1,1,2,14,5
2019-06-02,25.0,20.0,3,3,312.2399999999999,2019,6,2,6,22,1,1,1,2,3,5
2019-06-03,26.0,21.0,3,3,347.14000000000004,2019,6,3,0,23,1,1,1,2,20,5
2019-06-04,28.0,23.0,3,3,248.09,2019,6,4,1,23,1,1,1,2,3,5
2019-06-05,30.0,25.0,3,4,299.23999999999995,2019,6,5,2,23,1,1,1,2,14,4
2019-06-06,28.0,23.0,3,3,559.23,2019,6,6,3,23,1,1,1,2,14,6
2019-06-07,26.0,21.0,3,3,671.6900000000003,2019,6,7,4,23,1,1,1,2,3,5
2019-06-08,27.0,22.0,3,3,411.36,2019,6,8,5,23,1,1,2,2,14,2
2019-06-09,28.0,23.0,3,3,460.99000000000007,2019,6,9,6,23,1,1,2,2,3,5
2019-06-10,27.0,22.0,3,4,304.53,2019,6,10,0,24,1,1,2,2,3,3
2019-06-11,24.0,19.0,3,3,420.31,2019,6,11,1,24,2,1,2,2,3,5
2019-06-12,23.0,18.0,3,3,182.34,2019,6,12,2,24,2,1,2,2,14,2
2019-06-13,24.0,19.0,3,3,411.34000000000003,2019,6,13,3,24,2,1,2,2,14,2
2019-06-14,23.0,18.0,3,3,226.70000000000002,2019,6,14,4,24,2,1,2,2,3,5
2019-06-15,26.0,21.0,3,3,341.64000000000004,2019,6,15,5,24,2,1,3,2,20,5
2019-06-16,27.0,22.0,3,3,312.78999999999996,2019,6,16,6,24,2,2,3,2,3,5
2019-06-17,28.0,23.0,3,3,283.40999999999997,2019,6,17,0,25,2,2,3,2,1,5
2019-06-18,27.0,22.0,3,3,335.05,2019,6,18,1,25,2,2,3,2,14,5
2019-06-19,27.0,22.0,3,3,278.56,2019,6,19,2,25,2,2,3,2,0,5
2019-06-20,28.0,23.0,3,3,377.12000000000006,2019,6,20,3,25,2,2,3,2,7,0
2019-06-21,26.0,21.0,3,3,254.2,2019,6,21,4,25,3,2,3,2,14,0
2019-06-22,25.0,20.0,3,3,408.30000000000007,2019,6,22,5,25,3,2,4,2,3,0
2019-06-23,23.0,18.0,3,3,319.82,2019,6,23,6,25,3,2,4,2,20,2
2019-06-24,27.0,22.0,3,3,409.09999999999997,2019,6,24,0,26,3,2,4,2,14,1
2019-06-25,27.0,22.0,3,3,221.98,2019,6,25,1,26,3,2,4,2,14,5
2019-06-26,27.0,22.0,3,3,295.83,2019,6,26,2,26,3,2,4,2,3,5
2019-06-27,27.0,22.0,3,3,360.49999999999994,2019,6,27,3,26,3,2,4,2,20,5
2019-06-28,32.0,27.0,3,3,245.85000000000002,2019,6,28,4,26,3,2,4,2,20,7
2019-06-29,30.0,25.0,3,3,345.01,2019,6,29,5,26,3,2,4,2,23,5
2019-06-30,28.0,23.0,3,3,258.39,2019,6,30,6,26,3,2,4,2,14,5
2019-07-01,28.0,23.0,3,3,220.27,2019,7,1,0,27,1,1,1,3,3,0
2019-07-02,29.0,24.0,3,3,248.81000000000003,2019,7,2,1,27,1,1,1,3,14,0
2019-07-03,28.0,23.0,3,3,377.96000000000004,2019,7,3,2,27,1,1,1,3,14,5
2019-07-04,27.0,22.0,3,3,441.78,2019,7,4,3,27,1,1,1,3,1,5
2019-07-05,28.0,23.0,3,3,325.49,2019,7,5,4,27,1,1,1,3,3,5
2019-07-06,29.0,24.0,3,3,5.98,2019,7,6,5,27,1,1,1,3,3,5
2019-07-07,28.0,23.0,3,3,8.97,2019,7,7,6,27,1,1,1,3,3,5
2019-07-08,28.0,23.0,3,3,334.2,2019,7,8,0,28,1,1,2,3,9,5
2019-07-09,27.0,22.0,3,3,8.85,2019,7,9,1,28,1,1,2,3,1,5
2019-07-10,25.0,20.0,3,3,34.43,2019,7,10,2,28,1,1,2,3,3,5
2019-07-11,28.0,23.0,3,3,435.77,2019,7,11,3,28,2,1,2,3,3,5
2019-07-12,27.0,22.0,4,5,342.69000000000005,2019,7,12,4,28,2,1,2,3,23,0
2019-07-13,26.0,21.0,3,3,103.69000000000001,2019,7,13,5,28,2,1,2,3,1,5
2019-07-14,27.0,22.0,3,3,418.7,2019,7,14,6,28,2,1,2,3,3,5
2019-07-15,29.0,24.0,3,3,304.13,2019,7,15,0,29,2,1,3,3,14,5
2019-07-16,30.0,25.0,3,3,243.91,2019,7,16,1,29,2,2,3,3,3,5
2019-07-17,30.0,25.0,3,3,337.40999999999997,2019,7,17,2,29,2,2,3,3,3,1
2019-07-18,30.0,25.0,3,4,303.51,2019,7,18,3,29,2,2,3,3,3,5
2019-07-19,29.0,24.0,3,3,325.56,2019,7,19,4,29,2,2,3,3,24,5
2019-07-20,31.0,26.0,3,3,399.08,2019,7,20,5,29,2,2,3,3,20,5
2019-07-21,32.0,27.0,3,3,217.53999999999996,2019,7,21,6,29,3,2,3,3,3,5
2019-07-22,32.0,27.0,3,4,304.21,2019,7,22,0,30,3,2,4,3,20,7
2019-07-23,32.0,27.0,3,4,196.14,2019,7,23,1,30,3,2,4,3,3,7
2019-07-24,33.0,28.0,3,3,236.49,2019,7,24,2,30,3,2,4,3,3,5
2019-07-25,32.0,27.0,3,3,230.25,2019,7,25,3,30,3,2,4,3,3,5
2019-07-26,33.0,28.0,3,3,227.70000000000002,2019,7,26,4,30,3,2,4,3,3,5
2019-07-27,33.0,28.0,3,4,190.26999999999998,2019,7,27,5,30,3,2,4,3,3,4
2019-07-28,32.0,27.0,3,4,202.23,2019,7,28,6,30,3,2,4,3,20,4
2019-07-29,33.0,28.0,3,4,152.33,2019,7,29,0,31,3,2,4,3,3,4
2019-07-30,33.0,28.0,3,4,221.27999999999997,2019,7,30,1,31,3,2,4,3,20,4
2019-07-31,33.0,28.0,3,4,309.78,2019,7,31,2,31,3,2,4,3,3,1
2019-08-01,32.0,27.0,3,4,190.08,2019,8,1,3,31,1,1,1,3,20,1
2019-08-02,32.0,27.0,3,3,148.11999999999998,2019,8,2,4,31,1,1,1,3,20,5
2019-08-03,32.0,27.0,3,3,195.82999999999998,2019,8,3,5,31,1,1,1,3,3,2
2019-08-04,30.0,25.0,3,4,196.08000000000004,2019,8,4,6,31,1,1,1,3,20,1
2019-08-05,32.0,27.0,3,4,153.60000000000002,2019,8,5,0,32,1,1,1,3,3,2
2019-08-06,31.0,26.0,3,3,235.03000000000003,2019,8,6,1,32,1,1,1,3,20,2
2019-08-07,31.0,26.0,3,4,272.84000000000003,2019,8,7,2,32,1,1,1,3,3,2
2019-08-08,32.0,27.0,5,6,110.89999999999999,2019,8,8,3,32,1,1,2,3,14,0
2019-08-09,30.0,25.0,7,8,205.98,2019,8,9,4,32,1,1,2,3,8,0
2019-08-10,31.0,26.0,6,7,213.31,2019,8,10,5,32,1,1,2,3,9,7
2019-08-11,31.0,26.0,3,3,254.99,2019,8,11,6,32,2,1,2,3,3,5
2019-08-12,30.0,25.0,3,3,122.97,2019,8,12,0,33,2,1,2,3,20,5
2019-08-13,30.0,25.0,3,3,105.92,2019,8,13,1,33,2,1,2,3,20,5
2019-08-14,31.0,26.0,3,4,182.67000000000002,2019,8,14,2,33,2,1,2,3,20,6
2019-08-15,34.0,26.0,3,4,261.27,2019,8,15,3,33,2,1,3,3,5,6
2019-08-16,35.0,27.0,3,3,118.01999999999998,2019,8,16,4,33,2,2,3,3,5,5
2019-08-17,36.0,26.0,3,3,244.29999999999998,2019,8,17,5,33,2,2,3,3,3,5
2019-08-18,33.0,26.0,3,4,236.51,2019,8,18,6,33,2,2,3,3,18,0
2019-08-19,32.0,24.0,4,5,150.6,2019,8,19,0,34,2,2,3,3,3,0
2019-08-20,32.0,24.0,3,4,217.64,2019,8,20,1,34,2,2,3,3,5,2
2019-08-21,34.0,25.0,3,4,212.25000000000003,2019,8,21,2,34,3,2,3,3,3,2
2019-08-22,35.0,25.0,3,4,256.39,2019,8,22,3,34,3,2,4,3,20,0
2019-08-23,34.0,26.0,3,4,262.24,2019,8,23,4,34,3,2,4,3,16,0
2019-08-24,34.0,27.0,4,5,5.58,2019,8,24,5,34,3,2,4,3,3,2
2019-08-25,34.0,27.0,4,5,216.14,2019,8,25,6,34,3,2,4,3,18,2
2019-08-26,36.0,27.0,3,4,115.13999999999999,2019,8,26,0,35,3,2,4,3,3,7
2019-08-27,36.0,27.0,4,5,192.40999999999997,2019,8,27,1,35,3,2,4,3,3,6
2019-08-28,34.0,23.0,3,4,208.32999999999998,2019,8,28,2,35,3,2,4,3,15,3
2019-08-29,24.0,21.0,3,3,137.69,2019,8,29,3,35,3,2,4,3,12,0
2019-08-30,29.0,21.0,3,3,123.78999999999999,2019,8,30,4,35,3,2,4,3,3,5
2019-08-31,29.0,22.0,4,5,278.07,2019,8,31,5,35,3,2,4,3,14,2
2019-09-01,22.0,19.0,4,5,229.52999999999997,2019,9,1,6,35,1,1,1,3,2,0
2019-09-02,25.0,22.0,3,4,113.04999999999998,2019,9,2,0,36,1,1,1,3,2,3
2019-09-03,24.0,21.0,3,4,156.29000000000002,2019,9,3,1,36,1,1,1,3,13,3
2019-09-04,28.0,23.0,3,4,189.29000000000002,2019,9,4,2,36,1,1,1,3,14,0
2019-09-05,28.0,23.0,4,5,142.26,2019,9,5,3,36,1,1,1,3,14,0
2019-09-06,29.0,23.0,5,6,126.31000000000002,2019,9,6,4,36,1,1,1,3,19,3
2019-09-07,31.0,21.0,3,4,180.31,2019,9,7,5,36,1,1,1,3,3,6
2019-09-08,31.0,21.0,3,4,124.08,2019,9,8,6,36,1,1,2,3,20,0
2019-09-09,32.0,22.0,3,3,212.42999999999998,2019,9,9,0,37,1,1,2,3,20,5
2019-09-10,33.0,23.0,3,3,128.18,2019,9,10,1,37,1,1,2,3,3,5
2019-09-11,33.0,25.0,3,4,227.95,2019,9,11,2,37,2,1,2,3,3,2
2019-09-12,31.0,24.0,4,5,157.8,2019,9,12,3,37,2,1,2,3,3,2
2019-09-13,32.0,24.0,4,5,184.49,2019,9,13,4,37,2,1,2,3,3,2
2019-09-14,31.0,24.0,4,5,225.42999999999995,2019,9,14,5,37,2,1,2,3,5,0
2019-09-15,30.0,22.0,4,5,132.61,2019,9,15,6,37,2,1,3,3,16,0
2019-09-16,28.0,21.0,4,5,0.0,2019,9,16,0,38,2,2,3,3,3,3
2019-09-17,28.0,23.0,4,5,3.3,2019,9,17,1,38,2,2,3,3,3,3
2019-09-18,29.0,21.0,5,6,3.3,2019,9,18,2,38,2,2,3,3,21,0
2019-09-19,27.0,19.0,5,6,250.05,2019,9,19,3,38,2,2,3,3,3,0
2019-09-20,26.0,20.0,5,6,199.58999999999997,2019,9,20,4,38,2,2,3,3,5,3
2019-09-21,24.0,21.0,6,7,213.98000000000002,2019,9,21,5,38,3,2,3,3,14,3
2019-09-22,26.0,18.0,7,8,184.82999999999998,2019,9,22,6,38,3,2,4,3,25,3
2019-09-23,28.0,16.0,4,5,183.19,2019,9,23,0,39,3,2,4,3,20,3
2019-09-24,29.0,18.0,3,4,2.65,2019,9,24,1,39,3,2,4,3,20,3
2019-09-25,30.0,18.0,3,4,280.03999999999996,2019,9,25,2,39,3,2,4,3,6,0
2019-09-26,29.0,17.0,4,5,107.75,2019,9,26,3,39,3,2,4,3,3,2
2019-09-27,28.0,18.0,4,5,205.13000000000002,2019,9,27,4,39,3,2,4,3,3,2
2019-09-28,29.0,19.0,3,4,178.96999999999997,2019,9,28,5,39,3,2,4,3,20,0
2019-09-29,30.0,20.0,3,4,205.11999999999998,2019,9,29,6,39,3,2,4,3,3,3
2019-09-30,29.0,21.0,4,5,249.54999999999998,2019,9,30,0,40,3,2,4,3,4,2
2019-10-01,26.0,23.0,7,8,229.10999999999999,2019,10,1,1,40,1,1,1,4,13,3
2019-10-02,31.0,21.0,5,6,184.3,2019,10,2,2,40,1,1,1,4,5,8
2019-10-03,31.0,21.0,3,3,123.71000000000001,2019,10,3,3,40,1,1,1,4,20,5
2019-10-04,32.0,23.0,3,4,252.06999999999996,2019,10,4,4,40,1,1,1,4,21,0
2019-10-05,28.0,19.0,5,6,182.45999999999998,2019,10,5,5,40,1,1,1,4,6,0
2019-10-06,24.0,19.0,3,4,191.44,2019,10,6,6,40,1,1,1,4,25,2
2019-10-07,28.0,19.0,5,6,216.59999999999997,2019,10,7,0,41,1,1,1,4,6,8
2019-10-08,21.0,16.0,4,5,212.15,2019,10,8,1,41,1,1,2,4,24,3
2019-10-09,25.0,17.0,4,5,298.47999999999996,2019,10,9,2,41,1,1,2,4,3,2
2019-10-10,27.0,18.0,3,4,128.05,2019,10,10,3,41,1,1,2,4,3,2
2019-10-11,28.0,20.0,4,5,260.17,2019,10,11,4,41,2,1,2,4,6,0
2019-10-12,25.0,18.0,4,5,247.05999999999997,2019,10,12,5,41,2,1,2,4,25,3
2019-10-13,23.0,19.0,3,4,266.2900000000001,2019,10,13,6,41,2,1,2,4,24,3
2019-10-14,24.0,17.0,5,6,169.45999999999998,2019,10,14,0,42,2,1,2,4,19,0
2019-10-15,20.0,14.0,4,5,188.85999999999999,2019,10,15,1,42,2,1,3,4,3,3
2019-10-16,21.0,15.0,3,4,252.53000000000003,2019,10,16,2,42,2,2,3,4,6,8
2019-10-17,21.0,15.0,3,4,192.77999999999997,2019,10,17,3,42,2,2,3,4,6,3
2019-10-18,22.0,12.0,4,5,457.24999999999994,2019,10,18,4,42,2,2,3,4,3,8
2019-10-19,23.0,14.0,3,4,509.09999999999997,2019,10,19,5,42,2,2,3,4,20,0
2019-10-20,23.0,13.0,3,3,392.23,2019,10,20,6,42,2,2,3,4,20,5
2019-10-21,24.0,14.0,3,3,233.35,2019,10,21,0,43,3,2,3,4,3,5
2019-10-22,23.0,16.0,3,4,202.1,2019,10,22,1,43,3,2,4,4,6,2
2019-10-23,23.0,15.0,3,4,253.16,2019,10,23,2,43,3,2,4,4,3,0
2019-10-24,25.0,14.0,3,4,63.9,2019,10,24,3,43,3,2,4,4,21,3
2019-10-25,24.0,16.0,3,4,386.4,2019,10,25,4,43,3,2,4,4,24,3
2019-10-26,20.0,15.0,3,4,335.67,2019,10,26,5,43,3,2,4,4,19,8
2019-10-27,16.0,13.0,3,3,180.18999999999997,2019,10,27,6,43,3,2,4,4,19,5
2019-10-28,21.0,11.0,3,3,223.53,2019,10,28,0,44,3,2,4,4,5,5
2019-10-29,23.0,12.0,3,4,169.95,2019,10,29,1,44,3,2,4,4,20,3
2019-10-30,22.0,10.0,3,3,185.04000000000002,2019,10,30,2,44,3,2,4,4,20,5
2019-10-31,24.0,11.0,3,3,354.36,2019,10,31,3,44,3,2,4,4,21,5
2019-11-01,23.0,12.0,3,4,171.55,2019,11,1,4,44,1,1,1,4,3,2
2019-11-02,23.0,15.0,3,4,326.51,2019,11,2,5,44,1,1,1,4,6,2
2019-11-03,23.0,13.0,3,3,301.8,2019,11,3,6,44,1,1,1,4,5,5
2019-11-04,22.0,11.0,3,4,184.49,2019,11,4,0,45,1,1,1,4,3,0
2019-11-05,21.0,12.0,3,4,265.87,2019,11,5,1,45,1,1,1,4,20,3
2019-11-06,20.0,13.0,3,3,225.12,2019,11,6,2,45,1,1,1,4,4,5
2019-11-07,19.0,13.0,3,4,171.95000000000002,2019,11,7,3,45,1,1,1,4,16,3
2019-11-08,19.0,8.0,4,5,310.65999999999997,2019,11,8,4,45,1,1,2,4,5,3
2019-11-09,19.0,10.0,3,3,265.54,2019,11,9,5,45,1,1,2,4,20,5
2019-11-10,23.0,10.0,4,5,454.66,2019,11,10,6,45,1,1,2,4,5,8
2019-11-11,22.0,12.0,3,3,1025.59,2019,11,11,0,46,2,1,2,4,21,5
2019-11-12,19.0,13.0,3,3,67.64,2019,11,12,1,46,2,1,2,4,6,5
2019-11-13,20.0,8.0,5,6,268.11,2019,11,13,2,46,2,1,2,4,18,8
2019-11-14,18.0,9.0,3,3,155.10000000000002,2019,11,14,3,46,2,1,2,4,20,5
2019-11-15,22.0,10.0,3,4,309.5,2019,11,15,4,46,2,1,3,4,20,8
2019-11-16,26.0,13.0,3,3,25.229999999999997,2019,11,16,5,46,2,2,3,4,20,5
2019-11-17,26.0,13.0,4,5,433.9099999999999,2019,11,17,6,46,2,2,3,4,6,8
2019-11-18,13.0,5.0,5,6,327.59000000000003,2019,11,18,0,47,2,2,3,4,18,8
2019-11-19,14.0,7.0,3,4,313.77000000000004,2019,11,19,1,47,2,2,3,4,20,0
2019-11-20,16.0,8.0,5,6,349.49999999999994,2019,11,20,2,47,2,2,3,4,5,2
2019-11-21,19.0,11.0,3,4,84.72000000000001,2019,11,21,3,47,3,2,3,4,3,2
2019-11-22,22.0,12.0,3,4,279.96999999999997,2019,11,22,4,47,3,2,4,4,3,2
2019-11-23,22.0,14.0,3,3,173.39,2019,11,23,5,47,3,2,4,4,3,5
2019-11-24,24.0,10.0,6,7,412.22,2019,11,24,6,47,3,2,4,4,14,8
2019-11-25,11.0,6.0,4,5,166.83,2019,11,25,0,48,3,2,4,4,25,3
2019-11-26,12.0,8.0,3,3,189.9,2019,11,26,1,48,3,2,4,4,24,5
2019-11-27,10.0,8.0,4,5,194.04999999999998,2019,11,27,2,48,3,2,4,4,14,8
2019-11-28,11.0,6.0,4,5,77.16999999999999,2019,11,28,3,48,3,2,4,4,3,8
2019-11-29,12.0,7.0,3,4,217.42999999999998,2019,11,29,4,48,3,2,4,4,24,0
2019-11-30,12.0,10.0,3,3,10.969999999999999,2019,11,30,5,48,3,2,4,4,14,5
2019-12-01,10.0,5.0,5,6,215.35999999999999,2019,12,1,6,48,1,1,1,4,16,8
2019-12-02,11.0,1.0,4,5,212.81,2019,12,2,0,49,1,1,1,4,5,8
2019-12-03,11.0,1.0,3,3,188.97,2019,12,3,1,49,1,1,1,4,20,5
2019-12-04,13.0,5.0,3,3,234.13000000000002,2019,12,4,2,49,1,1,1,4,6,5
2019-12-05,14.0,5.0,3,4,278.68,2019,12,5,3,49,1,1,1,4,6,0
2019-12-06,10.0,1.0,4,5,201.76000000000002,2019,12,6,4,49,1,1,1,4,26,3
2019-12-07,10.0,1.0,3,3,273.91,2019,12,7,5,49,1,1,1,4,20,5
2019-12-08,12.0,2.0,3,3,358.46000000000004,2019,12,8,6,49,1,1,2,4,3,5
2019-12-09,17.0,4.0,3,3,266.66,2019,12,9,0,50,1,1,2,4,3,5
2019-12-10,18.0,5.0,3,3,230.10999999999999,2019,12,10,1,50,1,1,2,4,21,5
2019-12-11,17.0,3.0,4,5,136.8,2019,12,11,2,50,2,1,2,4,21,8
2019-12-12,13.0,5.0,3,4,836.9199999999997,2019,12,12,3,50,2,1,2,4,20,2
2019-12-13,18.0,7.0,3,4,179.84,2019,12,13,4,50,2,1,2,4,21,8
2019-12-14,16.0,8.0,3,4,288.71999999999997,2019,12,14,5,50,2,1,2,4,21,0
2019-12-15,18.0,9.0,3,4,367.05,2019,12,15,6,50,2,1,3,4,20,8
2019-12-16,23.0,11.0,3,4,126.59000000000002,2019,12,16,0,51,2,2,3,4,21,8
2019-12-17,14.0,8.0,4,5,251.67,2019,12,17,1,51,2,2,3,4,14,8
2019-12-18,11.0,6.0,4,5,220.59,2019,12,18,2,51,2,2,3,4,14,3
2019-12-19,6.0,4.0,3,4,153.92000000000002,2019,12,19,3,51,2,2,3,4,19,3
2019-12-20,7.0,5.0,3,3,166.44,2019,12,20,4,51,2,2,3,4,14,5
2019-12-21,8.0,7.0,3,3,187.35,2019,12,21,5,51,3,2,3,4,11,5
2019-12-22,10.0,6.0,3,4,258.44,2019,12,22,6,51,3,2,4,4,25,8
2019-12-23,11.0,8.0,3,4,211.64,2019,12,23,0,52,3,2,4,4,17,2
2019-12-24,11.0,10.0,3,4,106.49000000000001,2019,12,24,1,52,3,2,4,4,14,0
2019-12-25,13.0,9.0,3,3,278.33,2019,12,25,2,52,3,2,4,4,14,5
2019-12-26,10.0,2.0,5,6,136.14000000000001,2019,12,26,3,52,3,2,4,4,16,8
2019-12-27,7.0,1.0,3,3,157.29999999999998,2019,12,27,4,52,3,2,4,4,20,5
2019-12-28,12.0,3.0,3,3,175.19,2019,12,28,5,52,3,2,4,4,4,5
2019-12-29,16.0,7.0,3,3,182.51999999999998,2019,12,29,6,52,3,2,4,4,24,5
2019-12-30,13.0,2.0,4,5,178.86999999999998,2019,12,30,0,1,3,2,4,4,24,3
2019-12-31,7.0,1.0,3,4,172.35,2019,12,31,1,1,3,2,4,4,5,3
2020-01-01,9.0,1.0,3,3,142.10999999999999,2020,1,1,2,1,1,1,1,1,22,5
2020-01-02,11.0,8.0,3,3,167.2,2020,1,2,3,1,1,1,1,1,24,5
2020-01-03,10.0,8.0,3,3,148.71,2020,1,3,4,1,1,1,1,1,14,5
2020-01-04,10.0,8.0,3,3,117.74000000000001,2020,1,4,5,1,1,1,1,1,19,5
2020-01-05,15.0,9.0,3,4,157.55,2020,1,5,6,1,1,1,1,1,18,8
2020-01-06,23.0,11.0,3,4,103.66999999999999,2020,1,6,0,2,1,1,1,1,3,8
