Account_date,forecast,wh_name,wh_code,sku_code,sku_name,forecast_old,sales_qty,MAE,MAPE,RMSPE,MAPE_old
2020-03-19,473.0,杭州配送中心,001,08860,福沃柑（5KG）,294.0,530.3460000000001,57.34600000000012,0.0154470585509945,21.67475066918719,0.0636635598000443
2020-03-20,502.0,杭州配送中心,001,08860,福沃柑（5KG）,158.0,604.7579999999998,102.75799999999981,0.024273700034913574,38.838873317482104,0.10553406722783563
2020-03-21,477.0,杭州配送中心,001,08860,福沃柑（5KG）,229.0,488.594,11.593999999999994,0.0033899018700305644,4.3821201000689785,0.07590117181720844
2020-03-22,424.0,杭州配送中心,001,08860,福沃柑（5KG）,484.0,556.7379999999998,132.73799999999983,0.03406013498013681,50.170248218298745,0.018664331978673697
2020-03-23,414.0,杭州配送中心,001,08860,福沃柑（5KG）,184.0,407.63999999999993,6.3600000000000705,0.0022288573951806468,2.403854048338712,0.07837447607833241
2020-03-24,461.0,杭州配送中心,001,08860,福沃柑（5KG）,0.0,394.77,66.23000000000002,0.02396693915806311,25.032587047401126,0.14285714285714285
2020-03-25,461.0,杭州配送中心,001,08860,福沃柑（5KG）,0.0,410.51399999999995,50.48600000000005,0.01756891534584867,19.081914384343865,0.14285714285714285
2020-03-19,11237.0,杭州配送中心,001,08910,沃柑,9698.0,14554.543000000001,3317.5430000000015,0.032562665436195036,1253.9133916804512,0.04766840546919661
2020-03-20,12119.0,杭州配送中心,001,08910,沃柑,3866.0,16521.511,4402.510999999999,0.03806735006605284,1663.9927500323254,0.1094288617340837
2020-03-21,11922.0,杭州配送中心,001,08910,沃柑,2154.0,14607.554000000004,2685.5540000000037,0.02626384755644729,1015.0440023478236,0.12179172110930707
2020-03-22,13230.0,杭州配送中心,001,08910,沃柑,2485.0,15202.27229999998,1972.2722999999805,0.018533623142264283,745.4488605001892,0.11950537063556513
2020-03-23,12950.0,杭州配送中心,001,08910,沃柑,3866.0,12563.836399999998,386.1636000000017,0.004390874476161503,145.95612156934666,0.09889877721926219
2020-03-24,12721.0,杭州配送中心,001,08910,沃柑,0.0,10879.8952,1841.1047999999992,0.024174403024449287,695.8722054867584,0.14285714285714285
2020-03-25,11320.0,杭州配送中心,001,08910,沃柑,0.0,10357.741199999986,962.2588000000142,0.013271768448621313,363.69964024049676,0.14285714285714285
2020-03-19,4.0,杭州配送中心,001,09030,海南凤梨,5.0,1.77,2.23,0.17998385794995966,0.8428607748105768,0.26069410815173527
2020-03-20,4.0,杭州配送中心,001,09030,海南凤梨,6.0,,,,,
2020-03-21,4.0,杭州配送中心,001,09030,海南凤梨,8.0,1.01,2.99,0.4229137199434229,1.1301137742975895,0.9886845827439886
2020-03-22,4.0,杭州配送中心,001,09030,海南凤梨,8.0,,,,,
2020-03-23,3.0,杭州配送中心,001,09030,海南凤梨,1.0,,,,,
2020-03-24,3.0,杭州配送中心,001,09030,海南凤梨,0.0,,,,,
2020-03-25,4.0,杭州配送中心,001,09030,海南凤梨,0.0,,,,,
2020-03-19,1.0,杭州配送中心,001,10010,甜脆柿,2.0,1.4500000000000002,0.4500000000000002,0.044334975369458136,0.1700840128541523,0.054187192118226576
2020-03-20,1.0,杭州配送中心,001,10010,甜脆柿,1.0,2.0,1.0,0.07142857142857142,0.3779644730092272,0.07142857142857142
2020-03-21,1.0,杭州配送中心,001,10010,甜脆柿,1.0,,,,,
2020-03-22,1.0,杭州配送中心,001,10010,甜脆柿,1.0,1.97,0.97,0.07034082668600435,0.3666255388189504,0.07034082668600435
2020-03-23,1.0,杭州配送中心,001,10010,甜脆柿,1.0,,,,,
2020-03-24,1.0,杭州配送中心,001,10010,甜脆柿,0.0,,,,,
2020-03-25,1.0,杭州配送中心,001,10010,甜脆柿,0.0,,,,,
2020-03-19,1.0,杭州配送中心,001,10040,大红柿,1.0,1.15,0.1499999999999999,0.018633540372670798,0.05669467095138405,0.018633540372670798
2020-03-20,1.0,杭州配送中心,001,10040,大红柿,2.0,,,,,
2020-03-21,1.0,杭州配送中心,001,10040,大红柿,2.0,1.0,0.0,0.0,0.0,0.14285714285714285
2020-03-22,1.0,杭州配送中心,001,10040,大红柿,2.0,,,,,
2020-03-23,1.0,杭州配送中心,001,10040,大红柿,1.0,,,,,
2020-03-24,1.0,杭州配送中心,001,10040,大红柿,0.0,1.0,0.0,0.0,0.0,0.14285714285714285
2020-03-25,1.0,杭州配送中心,001,10040,大红柿,0.0,,,,,
2020-03-19,4.0,杭州配送中心,001,10080,会理石榴,1.0,0.0,4.0,inf,1.5118578920369088,inf
2020-03-20,4.0,杭州配送中心,001,10080,会理石榴,1.0,0.0,4.0,inf,1.5118578920369088,inf
2020-03-21,5.0,杭州配送中心,001,10080,会理石榴,1.0,0.0,5.0,inf,1.889822365046136,inf
2020-03-22,4.0,杭州配送中心,001,10080,会理石榴,1.0,0.0,4.0,inf,1.5118578920369088,inf
2020-03-23,3.0,杭州配送中心,001,10080,会理石榴,1.0,0.0,3.0,inf,1.1338934190276817,inf
2020-03-24,3.0,杭州配送中心,001,10080,会理石榴,0.0,0.0,3.0,inf,1.1338934190276817,
2020-03-25,3.0,杭州配送中心,001,10080,会理石榴,0.0,0.0,3.0,inf,1.1338934190276817,
2020-03-19,293.0,杭州配送中心,001,10130,冰糖枇杷,28.0,449.31000000000023,156.31000000000023,0.04969842647615237,59.079626776072395,0.13395460340776494
2020-03-20,335.0,杭州配送中心,001,10130,冰糖枇杷,42.0,485.30399999999975,150.30399999999975,0.04424443235580167,56.80957215117879,0.1304937582569747
2020-03-21,182.0,杭州配送中心,001,10130,冰糖枇杷,27.0,491.48290000000014,309.48290000000014,0.08995601445572747,116.97354120386741,0.1350091732591307
2020-03-22,316.0,杭州配送中心,001,10130,冰糖枇杷,19.0,482.6470000000003,166.64700000000028,0.0493253128802506,62.98664553356879,0.13723339358638034
2020-03-23,259.0,杭州配送中心,001,10130,冰糖枇杷,64.0,451.6562999999999,192.65629999999987,0.06093644342263921,72.81723690140754,0.12261419010112651
2020-03-24,283.0,杭州配送中心,001,10130,冰糖枇杷,0.0,485.12400000000014,202.12400000000014,0.05952057029307384,76.3956911425171,0.14285714285714285
2020-03-25,202.0,杭州配送中心,001,10130,冰糖枇杷,0.0,480.93270000000007,278.93270000000007,0.08285468750914333,105.4266509605409,0.14285714285714285
2020-03-19,322.0,杭州配送中心,001,10500,进口柠檬（个）,141.0,397.50999999999993,75.50999999999993,0.02713678362089721,28.540097356926726,0.09218456319158187
2020-03-20,321.0,杭州配送中心,001,10500,进口柠檬（个）,64.0,308.4800000000001,12.519999999999925,0.005798014226437427,4.732115202075496,0.1132187314759929
2020-03-21,376.0,杭州配送中心,001,10500,进口柠檬（个）,62.0,314.29999999999995,61.700000000000045,0.028044179810008663,23.320407984669338,0.11467660560883595
2020-03-22,348.0,杭州配送中心,001,10500,进口柠檬（个）,56.0,360.78999999999996,12.789999999999964,0.005064283536524993,4.834165609788003,0.1206835792883078
2020-03-23,317.0,杭州配送中心,001,10500,进口柠檬（个）,220.0,244.17000000000002,72.82999999999998,0.042610827350967405,27.527152569262014,0.014141201387791886
2020-03-24,315.0,杭州配送中心,001,10500,进口柠檬（个）,0.0,285.82,29.180000000000007,0.01458460369663225,11.029003322409253,0.14285714285714285
2020-03-25,321.0,杭州配送中心,001,10500,进口柠檬（个）,0.0,325.89,4.889999999999986,0.0021435804368695774,1.848246273015116,0.14285714285714285
2020-03-19,144.0,杭州配送中心,001,10510,红西柚（只）,69.0,161.34999999999985,17.349999999999852,0.015361459117269351,6.557683606710037,0.08176546106512014
2020-03-20,137.0,杭州配送中心,001,10510,红西柚（只）,24.0,184.27999999999983,47.27999999999983,0.03665229929610211,17.8701602838762,0.12425191478805543
2020-03-21,149.0,杭州配送中心,001,10510,红西柚（只）,19.0,189.19999999999982,40.19999999999982,0.03035336756266978,15.194171814970867,0.12851102385986105
2020-03-22,152.0,杭州配送中心,001,10510,红西柚（只）,8.0,200.05259999999976,48.05259999999976,0.034314261063625846,18.1621756357231,0.1371443596048525
2020-03-23,111.0,杭州配送中心,001,10510,红西柚（只）,15.0,206.39749999999984,95.39749999999984,0.06602896975842379,36.05686581389769,0.1324749573032619
2020-03-24,131.0,杭州配送中心,001,10510,红西柚（只）,0.0,253.06489999999977,122.06489999999977,0.06890660402585598,46.136195601423935,0.14285714285714285
2020-03-25,132.0,杭州配送中心,001,10510,红西柚（只）,0.0,204.77719999999985,72.77719999999985,0.050770998222179245,27.507196045087074,0.14285714285714285
2020-03-19,3426.0,杭州配送中心,001,10890,脆心甜富士,869.0,3001.7500000000023,424.2499999999977,0.020190603100572163,160.3514276741638,0.10150031529227001
2020-03-20,3490.0,杭州配送中心,001,10890,脆心甜富士,247.0,3224.6420000000003,265.3579999999997,0.011755812184510923,100.29589662878242,0.1319146213971748
2020-03-21,3849.0,杭州配送中心,001,10890,脆心甜富士,186.0,3000.993999999999,848.0060000000012,0.0403678628766717,320.5161408986632,0.13400293369463584
2020-03-22,3977.0,杭州配送中心,001,10890,脆心甜富士,83.0,3759.997999999999,217.00200000000086,0.0082447612244171,82.01904657194865,0.1397036457390213
2020-03-23,3501.0,杭州配送中心,001,10890,脆心甜富士,1610.0,3264.574000000002,236.4259999999981,0.01034595719292703,89.36062849567884,0.0724038463473992
2020-03-24,3241.0,杭州配送中心,001,10890,脆心甜富士,0.0,3131.261999999998,109.7380000000021,0.005006561936643262,41.477065339087375,0.14285714285714285
2020-03-25,3507.0,杭州配送中心,001,10890,脆心甜富士,0.0,2811.183,695.817,0.03535964345666169,262.99410571586145,0.14285714285714285
2020-03-19,384.0,杭州配送中心,001,11030,北半球(车厘子),276.0,367.578,16.422000000000025,0.006382318854773692,6.206932575757539,0.035591279751702835
2020-03-20,485.0,杭州配送中心,001,11030,北半球(车厘子),384.0,697.09,212.09000000000003,0.043464361027372986,80.162485080527,0.06416265167645908
2020-03-21,607.0,杭州配送中心,001,11030,北半球(车厘子),506.0,634.7599999999999,27.759999999999877,0.006247580637901362,10.492293770736103,0.028978331517874
2020-03-22,466.0,杭州配送中心,001,11030,北半球(车厘子),543.0,637.1899999999995,171.1899999999995,0.03838056825391835,64.70373813444941,0.02111727159201215
2020-03-23,368.0,杭州配送中心,001,11030,北半球(车厘子),473.0,473.70050000000003,105.70050000000003,0.03187683236258233,39.951033779311835,0.0002112546399495744
2020-03-24,400.0,杭州配送中心,001,11030,北半球(车厘子),0.0,435.98000000000025,35.980000000000246,0.011789531629891353,13.599161738872088,0.14285714285714285
2020-03-25,386.0,杭州配送中心,001,11030,北半球(车厘子),0.0,495.66999999999996,109.66999999999996,0.031608011090327945,41.451363754921935,0.14285714285714285
2020-03-19,103.0,杭州配送中心,001,11090,大樱桃,59.0,109.9954,6.995400000000004,0.00908531499628946,2.6440126744887498,0.06623056184946956
2020-03-20,94.0,杭州配送中心,001,11090,大樱桃,4.0,128.98999999999998,34.98999999999998,0.03875161972688911,13.224976910592853,0.13842712059628098
2020-03-21,104.0,杭州配送中心,001,11090,大樱桃,12.0,132.55039999999985,28.550399999999854,0.030770398063140924,10.791036890202585,0.1299240569193734
2020-03-22,103.0,杭州配送中心,001,11090,大樱桃,5.0,132.12419999999997,29.124199999999973,0.031490067678744675,11.007912904815326,0.13745097415916235
2020-03-23,95.0,杭州配送中心,001,11090,大樱桃,5.0,122.07999999999996,27.079999999999956,0.031688822317917954,10.235277929089857,0.1370061786182363
2020-03-24,117.0,杭州配送中心,001,11090,大樱桃,0.0,118.61999999999996,1.619999999999962,0.0019510080208107068,0.6123024462749337,0.14285714285714285
2020-03-25,91.0,杭州配送中心,001,11090,大樱桃,0.0,125.09999999999997,34.099999999999966,0.03894027635034826,12.888588529614635,0.14285714285714285
2020-03-19,14.0,杭州配送中心,001,11270,樱桃李,1.0,0.0,14.0,inf,5.291502622129181,inf
2020-03-20,16.0,杭州配送中心,001,11270,樱桃李,1.0,0.0,16.0,inf,6.047431568147635,inf
2020-03-21,15.0,杭州配送中心,001,11270,樱桃李,1.0,0.0,15.0,inf,5.669467095138408,inf
2020-03-22,14.0,杭州配送中心,001,11270,樱桃李,1.0,0.0,14.0,inf,5.291502622129181,inf
2020-03-23,13.0,杭州配送中心,001,11270,樱桃李,1.0,0.0,13.0,inf,4.913538149119954,inf
2020-03-24,14.0,杭州配送中心,001,11270,樱桃李,0.0,0.0,14.0,inf,5.291502622129181,
2020-03-25,14.0,杭州配送中心,001,11270,樱桃李,0.0,0.0,14.0,inf,5.291502622129181,
2020-03-19,34.0,杭州配送中心,001,11450,马来西亚榴莲D101,11.0,23.89,10.11,0.06045565986964061,3.821220822123287,0.07707947138671291
2020-03-20,23.0,杭州配送中心,001,11450,马来西亚榴莲D101,4.0,17.42,5.579999999999998,0.0457602099393144,2.1090417593914874,0.11005412497949811
2020-03-21,23.0,杭州配送中心,001,11450,马来西亚榴莲D101,3.0,53.67,30.67,0.08163645558838405,11.592170387193,0.13487183582208737
2020-03-22,35.0,杭州配送中心,001,11450,马来西亚榴莲D101,13.0,24.53,10.469999999999999,0.06097489953992195,3.9572880324066086,0.06714809853823307
2020-03-23,35.0,杭州配送中心,001,11450,马来西亚榴莲D101,8.0,5.34,29.66,0.7934724451578384,11.210426269453679,0.07116104868913858
2020-03-24,22.0,杭州配送中心,001,11450,马来西亚榴莲D101,0.0,25.009999999999998,3.009999999999998,0.01719312275089963,1.1376730637577732,0.14285714285714285
2020-03-25,19.0,杭州配送中心,001,11450,马来西亚榴莲D101,0.0,12.07,6.93,0.0820215410107705,2.6192937979539446,0.14285714285714285
2020-03-19,3.0,杭州配送中心,001,11470,纽荷尔,1.0,291.0,288.0,0.14138438880706922,108.85376822665744,0.14236622484045164
2020-03-20,2.0,杭州配送中心,001,11470,纽荷尔,1.0,253.0,251.0,0.1417278373800113,94.86908272531603,0.1422924901185771
2020-03-21,2.0,杭州配送中心,001,11470,纽荷尔,1.0,,,,,
2020-03-22,2.0,杭州配送中心,001,11470,纽荷尔,1.0,,,,,
2020-03-23,3.0,杭州配送中心,001,11470,纽荷尔,1.0,,,,,
2020-03-24,2.0,杭州配送中心,001,11470,纽荷尔,0.0,,,,,
2020-03-25,2.0,杭州配送中心,001,11470,纽荷尔,0.0,,,,,
2020-03-19,4061.0,杭州配送中心,001,11580,满山红富士（小）,87.0,4663.945600000005,602.9456000000046,0.01846828696164172,227.89201595723404,0.14019232373305798
2020-03-20,4100.0,杭州配送中心,001,11580,满山红富士（小）,58.0,6065.433000000006,1965.4330000000064,0.04629119518048315,742.8638480799468,0.1414910879875706
2020-03-21,4189.0,杭州配送中心,001,11580,满山红富士（小）,57.0,5228.604400000008,1039.6044000000084,0.028404312685372645,392.93352918407703,0.1412997756287373
2020-03-22,4093.0,杭州配送中心,001,11580,满山红富士（小）,47.0,6605.554000000007,2512.5540000000074,0.05433855899358121,949.6561485172286,0.14184068220686497
2020-03-23,4170.0,杭州配送中心,001,11580,满山红富士（小）,156.0,5832.005999999999,1662.0059999999994,0.04071145135506179,628.1792219281735,0.1390358651894391
2020-03-24,4105.0,杭州配送中心,001,11580,满山红富士（小）,0.0,5316.720000000003,1211.720000000003,0.03255820452136984,457.987111234742,0.14285714285714285
2020-03-25,3710.0,杭州配送中心,001,11580,满山红富士（小）,0.0,4079.539100000003,369.53910000000315,0.012940505950782628,139.67265118780531,0.14285714285714285
2020-03-19,423.0,杭州配送中心,001,11590,满山红富士（中）,2.0,1065.455200000002,642.4552000000019,0.0861409417174128,242.82524110003843,0.1425889811496264
2020-03-20,469.0,杭州配送中心,001,11590,满山红富士（中）,2.0,1456.623600000001,987.623600000001,0.09686035961128582,373.28663350547623,0.14266099452773623
2020-03-21,469.0,杭州配送中心,001,11590,满山红富士（中）,2.0,1286.5611,817.5610999999999,0.09078033127003672,309.00905031434405,0.14263506690154754
2020-03-22,439.0,杭州配送中心,001,11590,满山红富士（中）,3.0,1513.0539999999996,1074.0539999999996,0.10140833421297965,405.95425409345245,0.14257389359533765
2020-03-23,488.0,杭州配送中心,001,11590,满山红富士（中）,4.0,1027.17,539.1700000000001,0.07498689186238472,203.78710491238508,0.14230082932439894
2020-03-24,472.0,杭州配送中心,001,11590,满山红富士（中）,0.0,1534.6652,1062.6652,0.0989201516302802,401.649692303245,0.14285714285714285
2020-03-25,468.0,杭州配送中心,001,11590,满山红富士（中）,0.0,873.7631999999998,405.76319999999976,0.06634082486945136,153.36407405453758,0.14285714285714285
2020-03-19,7517.0,杭州配送中心,001,11600,满山红富士（大）,180.0,7871.229000000005,354.2290000000048,0.0064290014757725274,133.88597730958736,0.1395902723704265
2020-03-20,8306.0,杭州配送中心,001,11600,满山红富士（大）,93.0,9414.677999999993,1108.6779999999926,0.016822940883221973,419.04089600692123,0.14144597252442256
2020-03-21,8116.0,杭州配送中心,001,11600,满山红富士（大）,118.0,8030.6100000000015,85.38999999999851,0.0015190093191639507,32.27438635025735,0.1407580317239733
2020-03-22,8934.0,杭州配送中心,001,11600,满山红富士（大）,91.0,9898.929999999995,964.9299999999948,0.013925458898804435,364.7092589407917,0.14154386960437715
2020-03-23,7786.0,杭州配送中心,001,11600,满山红富士（大）,115.0,8359.630000000001,573.630000000001,0.009802723668050259,216.81176065228343,0.14089191575635354
2020-03-24,8039.0,杭州配送中心,001,11600,满山红富士（大）,0.0,6974.790000000002,1064.2099999999982,0.02179707202654126,402.23357182114904,0.14285714285714285
2020-03-25,6634.0,杭州配送中心,001,11600,满山红富士（大）,0.0,6206.964000000003,427.03599999999733,0.009828499546177882,161.40443669596735,0.14285714285714285
2020-03-19,222.0,杭州配送中心,001,11650,优选香梨,68.0,230.95999999999998,8.95999999999998,0.005542085209560085,3.386561678162668,0.10079667474887426
2020-03-20,225.0,杭州配送中心,001,11650,优选香梨,38.0,241.06600000000006,16.06600000000006,0.009520806987061075,6.072377223366267,0.12033811724352905
2020-03-21,226.0,杭州配送中心,001,11650,优选香梨,45.0,258.232,32.23200000000003,0.01783114187463766,12.182550894033422,0.1179625851393874
2020-03-22,235.0,杭州配送中心,001,11650,优选香梨,36.0,324.3500000000001,89.35000000000008,0.03935343213900331,33.771125663374484,0.1270012552577683
2020-03-23,228.0,杭州配送中心,001,11650,优选香梨,55.0,191.41,36.59,0.027308619492935886,13.829720067407626,0.10180838439550106
2020-03-24,229.0,杭州配送中心,001,11650,优选香梨,0.0,162.15999999999994,66.84000000000006,0.05888364225808733,25.26314537593677,0.14285714285714285
2020-03-25,224.0,杭州配送中心,001,11650,优选香梨,0.0,217.08999999999995,6.910000000000053,0.004547159505932401,2.61173450849378,0.14285714285714285
2020-03-19,24.0,杭州配送中心,001,11670,优选车厘子XL,12.0,29.76,5.760000000000002,0.027649769585253465,2.1770753645331493,0.08525345622119816
2020-03-20,24.0,杭州配送中心,001,11670,优选车厘子XL,5.0,22.110000000000003,1.889999999999997,0.012211668928086816,0.7143528539874383,0.11055114040188667
2020-03-21,24.0,杭州配送中心,001,11670,优选车厘子XL,5.0,17.43,6.57,0.05384804524219327,2.483226587670623,0.10187689533644784
2020-03-22,24.0,杭州配送中心,001,11670,优选车厘子XL,5.0,52.220000000000006,28.220000000000006,0.07720085353176123,10.666157428320394,0.12917874924768835
2020-03-23,20.0,杭州配送中心,001,11670,优选车厘子XL,8.0,6.17,13.83,0.32021301227135907,5.227248661717613,0.042370919194257936
2020-03-24,22.0,杭州配送中心,001,11670,优选车厘子XL,0.0,7.0,15.0,0.30612244897959184,5.669467095138408,0.14285714285714285
2020-03-25,22.0,杭州配送中心,001,11670,优选车厘子XL,0.0,8.330000000000002,13.669999999999998,0.23443663179557528,5.166774346036135,0.14285714285714285
2020-03-19,982.0,杭州配送中心,001,11690,甄选山竹,39.0,945.6691000000001,36.33089999999993,0.0054883135881552665,13.731789472450906,0.1369656226928184
2020-03-20,970.0,杭州配送中心,001,11690,甄选山竹,31.0,1132.9682000000005,162.96820000000048,0.02054883043369751,61.596189830262524,0.13894832050134204
2020-03-21,966.0,杭州配送中心,001,11690,甄选山竹,36.0,1294.7660999999991,328.76609999999914,0.03627418551836168,124.26190572979857,0.1388851071799212
2020-03-22,953.0,杭州配送中心,001,11690,甄选山竹,20.0,1331.0725999999993,378.0725999999993,0.040576578188576164,142.8980110182281,0.14071064622191584
2020-03-23,948.0,杭州配送中心,001,11690,甄选山竹,26.0,1069.2871999999993,121.2871999999993,0.016204012221546063,45.842252630764484,0.13938353378907797
2020-03-24,974.0,杭州配送中心,001,11690,甄选山竹,0.0,991.6871000000003,17.687100000000328,0.002547909084860151,6.685095430561627,0.14285714285714285
2020-03-25,983.0,杭州配送中心,001,11690,甄选山竹,0.0,1030.1358,47.13580000000002,0.006536697117298241,17.81565780686834,0.14285714285714285
2020-03-19,1309.0,杭州配送中心,001,11710,甄选蓝莓,302.0,1729.607700000004,420.6077000000039,0.03474014037155056,158.97476767412462,0.11791341883067312
2020-03-20,1331.0,杭州配送中心,001,11710,甄选蓝莓,172.0,1616.0840000000026,285.08400000000256,0.025200599544507596,107.7516238233635,0.1276528412419864
2020-03-21,1369.0,杭州配送中心,001,11710,甄选蓝莓,226.0,1302.9500000000007,66.04999999999927,0.007241808423741646,24.964553442259184,0.11807820714532409
2020-03-22,1373.0,杭州配送中心,001,11710,甄选蓝莓,153.0,1342.7900000000006,30.209999999999354,0.00321399048675831,11.418306729608512,0.12657973324198127
2020-03-23,1291.0,杭州配送中心,001,11710,甄选蓝莓,280.0,941.9620000000003,349.03799999999967,0.052934801434210046,131.92396373019452,0.10039258483887888
2020-03-24,1324.0,杭州配送中心,001,11710,甄选蓝莓,0.0,924.0930000000003,399.9069999999997,0.06182231813093635,151.15063850770093,0.14285714285714285
2020-03-25,1324.0,杭州配送中心,001,11710,甄选蓝莓,0.0,865.7099999999998,458.2900000000002,0.07562578692633797,173.2173383353988,0.14285714285714285
2020-03-19,1896.0,杭州配送中心,001,11730,甄选红提,413.0,2103.308499999999,207.30849999999919,0.014080435656490664,78.35524795283308,0.11480609851438475
2020-03-20,2052.0,杭州配送中心,001,11730,甄选红提,92.0,2009.1887999999997,42.811200000000326,0.003043957697895669,16.18111264689275,0.13631576797845693
2020-03-21,2044.0,杭州配送中心,001,11730,甄选红提,117.0,2027.0048999999997,16.99510000000032,0.0011977629795426122,6.423544015239239,0.13461133856022886
2020-03-22,1912.0,杭州配送中心,001,11730,甄选红提,116.0,2114.8541999999984,202.8541999999984,0.013702680510349707,76.67168080070778,0.13502141187794411
2020-03-23,1909.0,杭州配送中心,001,11730,甄选红提,225.0,1430.0055999999993,478.9944000000007,0.047851401021486606,181.04286597037128,0.12037970840313991
2020-03-24,1930.0,杭州配送中心,001,11730,甄选红提,0.0,2023.4106999999988,93.41069999999877,0.00659499611931752,35.30592599892256,0.14285714285714285
2020-03-25,1969.0,杭州配送中心,001,11730,甄选红提,0.0,1917.8899000000013,51.11009999999874,0.003807018774718336,19.317802011948427,0.14285714285714285
2020-03-19,13.0,杭州配送中心,001,11740,甄选车厘子JJJ,4.0,12.35,0.6500000000000004,0.007518796992481208,0.24567690745599785,0.09658762290341237
2020-03-20,16.0,杭州配送中心,001,11740,甄选车厘子JJJ,3.0,10.629999999999999,5.370000000000001,0.07216771939255477,2.0296692200595507,0.10253998118532455
2020-03-21,14.0,杭州配送中心,001,11740,甄选车厘子JJJ,4.0,16.04,2.039999999999999,0.018168863555397215,0.7710475249388232,0.10723192019950124
2020-03-22,16.0,杭州配送中心,001,11740,甄选车厘子JJJ,6.0,20.15,4.149999999999999,0.029422190712513285,1.5685525629882926,0.10031903580290677
2020-03-23,14.0,杭州配送中心,001,11740,甄选车厘子JJJ,8.0,5.78,8.219999999999999,0.20316361838853186,3.1068679681358473,0.05486900642609984
2020-03-24,15.0,杭州配送中心,001,11740,甄选车厘子JJJ,0.0,10.620000000000003,4.379999999999997,0.058918482647296155,1.6554843917804143,0.14285714285714285
2020-03-25,14.0,杭州配送中心,001,11740,甄选车厘子JJJ,0.0,18.34,4.34,0.03380588876772083,1.640365812860046,0.14285714285714285
2020-03-19,7.0,杭州配送中心,001,11750,甄选车厘子JJ,3.0,10.46,3.460000000000001,0.047254848402075944,1.3077570766119266,0.10188473094782846
2020-03-20,6.32,杭州配送中心,001,11750,甄选车厘子JJ,2.0,23.84,17.52,0.1049856184084372,6.621937567121662,0.13087248322147652
2020-03-21,6.32,杭州配送中心,001,11750,甄选车厘子JJ,3.0,21.95,15.629999999999999,0.1017246989912138,5.907584713134222,0.12333224861698666
2020-03-22,6.32,杭州配送中心,001,11750,甄选车厘子JJ,2.0,24.960000000000004,18.640000000000004,0.10668498168498168,7.045257776891997,0.13141025641025642
2020-03-23,6.32,杭州配送中心,001,11750,甄选车厘子JJ,3.0,10.27,3.9499999999999993,0.05494505494505494,1.4929596683864472,0.10112672137988594
2020-03-24,6.32,杭州配送中心,001,11750,甄选车厘子JJ,0.0,16.28,9.96,0.0873990873990874,3.7645261511719035,0.14285714285714285
2020-03-25,6.32,杭州配送中心,001,11750,甄选车厘子JJ,0.0,9.8,3.4800000000000004,0.05072886297376094,1.315316366072111,0.14285714285714285
2020-03-19,1.0,杭州配送中心,001,11840,水果彩椒,1.0,,,,,
2020-03-20,1.0,杭州配送中心,001,11840,水果彩椒,1.0,0.62,0.38,0.08755760368663594,0.14362649974350636,0.08755760368663594
2020-03-21,1.0,杭州配送中心,001,11840,水果彩椒,1.0,,,,,
2020-03-22,1.0,杭州配送中心,001,11840,水果彩椒,1.0,,,,,
2020-03-23,1.0,杭州配送中心,001,11840,水果彩椒,1.0,,,,,
2020-03-24,1.0,杭州配送中心,001,11840,水果彩椒,0.0,0.63,0.37,0.08390022675736962,0.13984685501341407,0.14285714285714285
2020-03-25,1.0,杭州配送中心,001,11840,水果彩椒,0.0,,,,,
2020-03-19,1.0,杭州配送中心,001,11850,水果胡萝卜76g,2.0,2.06,1.06,0.07350901525658807,0.4006423413897809,0.0041608876560332905
2020-03-20,1.0,杭州配送中心,001,11850,水果胡萝卜76g,1.0,,,,,
2020-03-21,1.0,杭州配送中心,001,11850,水果胡萝卜76g,1.0,,,,,
2020-03-22,1.0,杭州配送中心,001,11850,水果胡萝卜76g,1.0,,,,,
2020-03-23,1.0,杭州配送中心,001,11850,水果胡萝卜76g,1.0,,,,,
2020-03-24,1.0,杭州配送中心,001,11850,水果胡萝卜76g,0.0,2.35,1.35,0.08206686930091187,0.5102520385624568,0.14285714285714285
2020-03-25,1.0,杭州配送中心,001,11850,水果胡萝卜76g,0.0,,,,,
2020-03-19,2.0,杭州配送中心,001,11900,美国爱妃苹果礼盒,1.0,,,,,
2020-03-20,2.0,杭州配送中心,001,11900,美国爱妃苹果礼盒,1.0,6.0600000000000005,4.0600000000000005,0.09570957095709572,1.5345357604174628,0.11928335690711929
2020-03-21,2.0,杭州配送中心,001,11900,美国爱妃苹果礼盒,2.0,1.4,0.6000000000000001,0.06122448979591838,0.22677868380553637,0.06122448979591838
2020-03-22,2.0,杭州配送中心,001,11900,美国爱妃苹果礼盒,1.0,1.0,1.0,0.14285714285714285,0.3779644730092272,0.0
2020-03-23,2.0,杭州配送中心,001,11900,美国爱妃苹果礼盒,1.0,2.74,0.7400000000000002,0.038581856100104284,0.2796937100268282,0.09071949947862357
2020-03-24,2.0,杭州配送中心,001,11900,美国爱妃苹果礼盒,0.0,2.84,0.8399999999999999,0.042253521126760556,0.3174901573277508,0.14285714285714285
2020-03-25,2.0,杭州配送中心,001,11900,美国爱妃苹果礼盒,0.0,,,,,
2020-03-19,280.0,杭州配送中心,001,12010,广东甘蔗,124.0,282.07000000000005,2.07000000000005,0.0010483719846644194,0.7823864591291193,0.08005611575647384
2020-03-20,330.0,杭州配送中心,001,12010,广东甘蔗,138.0,331.54999999999995,1.5499999999999545,0.0006678587586444426,0.585844933164285,0.0833961695068617
2020-03-21,298.0,杭州配送中心,001,12010,广东甘蔗,33.0,452.23,154.23000000000002,0.048720467777142486,58.29346067221312,0.13243261172412268
2020-03-22,351.0,杭州配送中心,001,12010,广东甘蔗,224.0,79.0,272.0,0.49186256781193494,102.8063366585098,0.26220614828209765
2020-03-23,222.0,杭州配送中心,001,12010,广东甘蔗,98.0,28.33,193.67000000000002,0.9766022893449652,73.20037948769705,0.3513186425293732
2020-03-24,299.0,杭州配送中心,001,12010,广东甘蔗,0.0,36.8,262.2,1.0178571428571428,99.10228482301937,0.14285714285714285
2020-03-25,273.0,杭州配送中心,001,12010,广东甘蔗,0.0,37.0,236.0,0.9111969111969112,89.19961563017762,0.14285714285714285
2020-03-19,94.0,杭州配送中心,001,12030,山楂,24.0,95.28999999999999,1.289999999999992,0.0019339459994302986,0.4875741701819001,0.10687675217006731
2020-03-20,103.0,杭州配送中心,001,12030,山楂,23.0,112.27449999999997,9.274499999999975,0.011800796898926899,3.5054315049240685,0.11359213356550239
2020-03-21,105.0,杭州配送中心,001,12030,山楂,13.0,124.10500000000003,19.105000000000032,0.021991746620085555,7.221011256841298,0.12789285570398337
2020-03-22,105.0,杭州配送中心,001,12030,山楂,40.0,136.49,31.49000000000001,0.032958981819704226,11.902101255060568,0.10099117674764244
2020-03-23,89.0,杭州配送中心,001,12030,山楂,32.0,102.51,13.510000000000005,0.018827431470100485,5.106300030354662,0.09826219044831863
2020-03-24,103.0,杭州配送中心,001,12030,山楂,0.0,140.96999999999997,37.96999999999997,0.038478298320817984,14.351311040160347,0.14285714285714285
2020-03-25,94.0,杭州配送中心,001,12030,山楂,0.0,103.88000000000001,9.88000000000001,0.013587106001430234,3.7342889933311687,0.14285714285714285
2020-03-19,1819.0,杭州配送中心,001,12050,小黄瓜,1402.0,1754.0825000000002,64.91749999999979,0.005287053813847718,24.536508676576428,0.028674534977687776
2020-03-20,1840.0,杭州配送中心,001,12050,小黄瓜,1363.0,1928.0871999999986,88.08719999999857,0.006526616490315127,33.29383212685786,0.04186882359736775
2020-03-21,1858.0,杭州配送中心,001,12050,小黄瓜,1504.0,2024.4971999999987,166.49719999999866,0.011748751386622866,62.930026455511396,0.03672849873891785
2020-03-22,1818.0,杭州配送中心,001,12050,小黄瓜,1311.0,2068.3892999999994,250.38929999999937,0.01729360135444518,94.63825982164906,0.05231049659199618
2020-03-23,1768.0,杭州配送中心,001,12050,小黄瓜,1369.0,1761.8554999999994,6.144500000000562,0.0004982166325704888,2.322402704405409,0.031854039270368215
2020-03-24,1783.0,杭州配送中心,001,12050,小黄瓜,0.0,1836.3129999999999,53.312999999999874,0.0041475188909204696,20.150419949540883,0.14285714285714285
2020-03-25,1812.0,杭州配送中心,001,12050,小黄瓜,0.0,2004.4312000000014,192.43120000000135,0.01371469942623703,72.73215709853372,0.14285714285714285
2020-03-19,5021.0,杭州配送中心,001,12070,千禧小番茄,382.0,5849.498300000006,828.4983000000057,0.020233683972521316,313.14292334854275,0.13352789344588506
2020-03-20,5422.0,杭州配送中心,001,12070,千禧小番茄,269.0,6906.311399999995,1484.311399999995,0.03070300098461896,561.0169760825864,0.13729287429135367
2020-03-21,5649.0,杭州配送中心,001,12070,千禧小番茄,329.0,6945.309799999994,1296.3097999999936,0.02666362187122503,489.95905041369434,0.1360899861206644
2020-03-22,5229.0,杭州配送中心,001,12070,千禧小番茄,191.0,6191.746100000007,962.7461000000067,0.022212661004116098,363.8838223281913,0.1384503545546131
2020-03-23,5354.0,杭州配送中心,001,12070,千禧小番茄,496.0,5683.760199999997,329.760199999997,0.008288280705438557,124.63764021241623,0.13039054673699993
2020-03-24,5360.0,杭州配送中心,001,12070,千禧小番茄,0.0,5404.7089,44.70889999999963,0.0011817446290744097,16.8983758273221,0.14285714285714285
2020-03-25,4872.0,杭州配送中心,001,12070,千禧小番茄,0.0,5273.326799999997,401.3267999999971,0.01087215000595063,151.68727246647845,0.14285714285714285
2020-03-19,516.0,杭州配送中心,001,12130,原种红玉木瓜,217.0,598.070000000001,82.07000000000096,0.019603534225568632,31.019544299867643,0.09102374542874826
2020-03-20,523.0,杭州配送中心,001,12130,原种红玉木瓜,116.0,638.1275000000015,115.12750000000153,0.02577351033184731,43.51410486637039,0.11688830658002185
2020-03-21,544.0,杭州配送中心,001,12130,原种红玉木瓜,178.0,697.4408000000009,153.44080000000088,0.031429354700376555,57.99517111011457,0.10639731511467153
2020-03-22,511.0,杭州配送中心,001,12130,原种红玉木瓜,205.0,683.0569000000006,172.0569000000006,0.03598464072737895,65.03139553610154,0.09998265570136673
2020-03-23,498.0,杭州配送中心,001,12130,原种红玉木瓜,193.0,616.4215000000008,118.42150000000083,0.027444463152010823,44.75911984046252,0.09812893566218205
2020-03-24,509.0,杭州配送中心,001,12130,原种红玉木瓜,0.0,703.9026000000014,194.90260000000137,0.03955551317956307,73.66625849712872,0.14285714285714285
2020-03-25,509.0,杭州配送中心,001,12130,原种红玉木瓜,0.0,668.8000000000008,159.80000000000075,0.034133629528366495,60.39872278687479,0.14285714285714285
2020-03-19,299.0,杭州配送中心,001,12140,欢乐柠檬,26.0,221.09000000000012,77.90999999999988,0.05034148989099452,29.44721209214885,0.12605726174860918
2020-03-20,210.0,杭州配送中心,001,12140,欢乐柠檬,54.0,131.02999999999986,78.97000000000014,0.08609805824184236,29.847854433538725,0.08398294828883238
2020-03-21,217.0,杭州配送中心,001,12140,欢乐柠檬,34.0,37.39,179.61,0.6862415466320254,67.88619899718731,0.012952279066213277
2020-03-22,280.0,杭州配送中心,001,12140,欢乐柠檬,239.0,41.0,239.0,0.832752613240418,90.3335090492053,0.6898954703832753
2020-03-23,324.0,杭州配送中心,001,12140,欢乐柠檬,182.0,38.0,286.0,1.075187969924812,108.09783928063898,0.5413533834586466
2020-03-24,314.0,杭州配送中心,001,12140,欢乐柠檬,0.0,32.0,282.0,1.2589285714285714,106.58598138860208,0.14285714285714285
2020-03-25,240.0,杭州配送中心,001,12140,欢乐柠檬,0.0,26.0,214.0,1.1758241758241756,80.88439722397463,0.14285714285714285
2020-03-19,41.0,杭州配送中心,001,12190,龙珠果,35.0,39.73,1.2700000000000031,0.0045665384200496316,0.48001488072171977,0.017007658840027317
2020-03-20,54.0,杭州配送中心,001,12190,龙珠果,37.0,57.579999999999984,3.579999999999984,0.008882052299905683,1.3531128133730275,0.051059395623480344
2020-03-21,52.0,杭州配送中心,001,12190,龙珠果,37.0,61.35,9.350000000000001,0.021772033996972872,3.533967822636275,0.056700430783560365
2020-03-22,52.0,杭州配送中心,001,12190,龙珠果,28.0,51.332499999999996,0.667500000000004,0.0018576368354773962,0.25229128573366066,0.06493379994573195
2020-03-23,44.0,杭州配送中心,001,12190,龙珠果,23.0,43.605999999999995,0.39400000000000546,0.0012907791195183019,0.1489180023656376,0.06750709273297907
2020-03-24,45.0,杭州配送中心,001,12190,龙珠果,0.0,57.81000000000001,12.81000000000001,0.03165542293720811,4.841724899248204,0.14285714285714285
2020-03-25,42.0,杭州配送中心,001,12190,龙珠果,0.0,40.70240000000001,1.2975999999999885,0.004554311995642195,0.4904467001767689,0.14285714285714285
2020-03-19,9825.0,杭州配送中心,001,12360,智利西梅,3509.0,9252.349499999995,572.6505000000052,0.008841777354575189,216.44154445097246,0.08867785420341068
2020-03-20,9782.0,杭州配送中心,001,12360,智利西梅,1658.0,10649.567899999998,867.5678999999982,0.011637868558833376,327.90984412322126,0.12061613316724333
2020-03-21,10092.0,杭州配送中心,001,12360,智利西梅,1949.0,9791.740999999995,300.25900000000547,0.004380645163831811,113.48723470127962,0.11442210036280283
2020-03-22,9665.0,杭州配送中心,001,12360,智利西梅,3388.0,10386.526899999993,721.5268999999935,0.009923940160263827,272.7115345204789,0.09625831298264455
2020-03-23,9625.0,杭州配送中心,001,12360,智利西梅,2599.0,7810.531299999998,1814.4687000000022,0.03318721919541052,685.8047059872384,0.09532059252212091
2020-03-24,9704.0,杭州配送中心,001,12360,智利西梅,0.0,7953.800100000001,1750.1998999999987,0.031435106992801706,661.5133828643018,0.14285714285714285
2020-03-25,9422.0,杭州配送中心,001,12360,智利西梅,0.0,7589.3709999999965,1832.6290000000035,0.03449615822670198,692.6686542064284,0.14285714285714285
2020-03-19,3.0,杭州配送中心,001,12390,红龙杨桃,1.0,4.77,1.7699999999999996,0.05300988319856243,0.668997117226332,0.11290805630428272
2020-03-20,5.0,杭州配送中心,001,12390,红龙杨桃,4.0,,,,,
2020-03-21,5.0,杭州配送中心,001,12390,红龙杨桃,3.0,1.0,4.0,0.5714285714285714,1.5118578920369088,0.2857142857142857
2020-03-22,4.0,杭州配送中心,001,12390,红龙杨桃,5.0,0.69,3.31,0.6853002070393376,1.2510624056605422,0.8923395445134578
2020-03-23,4.0,杭州配送中心,001,12390,红龙杨桃,2.0,4.0,0.0,0.0,0.0,0.07142857142857142
2020-03-24,3.0,杭州配送中心,001,12390,红龙杨桃,0.0,3.8899999999999997,0.8899999999999997,0.03268453911127432,0.3363883809782121,0.14285714285714285
2020-03-25,4.0,杭州配送中心,001,12390,红龙杨桃,0.0,3.0,1.0,0.047619047619047616,0.3779644730092272,0.14285714285714285
2020-03-19,41.0,杭州配送中心,001,12630,人参果,1.0,5.46,35.54,0.9298796441653584,13.432857370747936,0.11669283097854526
2020-03-20,41.0,杭州配送中心,001,12630,人参果,1.0,,,,,
2020-03-21,44.0,杭州配送中心,001,12630,人参果,1.0,54.02999999999999,10.029999999999987,0.026519658390841038,3.7909836642825443,0.14021310911927237
2020-03-22,40.0,杭州配送中心,001,12630,人参果,5.0,201.22000000000006,161.22000000000006,0.1144589433029946,60.935432338547635,0.13930736791287432
2020-03-23,40.0,杭州配送中心,001,12630,人参果,2.0,283.90940000000023,243.90940000000023,0.12272999766827024,92.1890878329969,0.14185078559769923
2020-03-24,42.0,杭州配送中心,001,12630,人参果,0.0,339.3502000000001,297.3502000000001,0.12517629280902148,112.38781164218835,0.14285714285714285
2020-03-25,44.0,杭州配送中心,001,12630,人参果,0.0,390.0086000000002,346.0086000000002,0.12674028213736827,130.77895815566058,0.14285714285714285
2020-03-19,11.0,杭州配送中心,001,12640,甜心山楂,4.0,12.6,1.5999999999999996,0.01814058956916099,0.6047431568147634,0.09750566893424037
2020-03-20,15.0,杭州配送中心,001,12640,甜心山楂,11.0,8.18,6.82,0.11910583304226337,2.5777177059229297,0.049249039469088374
2020-03-21,12.0,杭州配送中心,001,12640,甜心山楂,8.0,6.88,5.12,0.10631229235880399,1.9351781018072436,0.023255813953488375
2020-03-22,11.0,杭州配送中心,001,12640,甜心山楂,6.0,5.29,5.71,0.15419929786659467,2.1581771408826875,0.01917364299216851
2020-03-23,12.0,杭州配送中心,001,12640,甜心山楂,8.0,5.16,6.84,0.1893687707641196,2.585276995383114,0.07862679955703211
2020-03-24,14.0,杭州配送中心,001,12640,甜心山楂,0.0,9.06,4.9399999999999995,0.07789340901923682,1.8671444966655821,0.14285714285714285
2020-03-25,12.0,杭州配送中心,001,12640,甜心山楂,0.0,6.92,5.08,0.10487200660611065,1.9200595228868742,0.14285714285714285
2020-03-19,70.0,杭州配送中心,001,12880,鲜椰青,37.0,69.27000000000001,0.7299999999999898,0.00150549609189711,0.275914065296732,0.06655117655550745
2020-03-20,77.0,杭州配送中心,001,12880,鲜椰青,22.0,65.03999999999999,11.960000000000008,0.026269548409769833,4.520455097190361,0.09453523106659636
2020-03-21,76.0,杭州配送中心,001,12880,鲜椰青,26.0,90.15,14.150000000000006,0.022422945883844393,5.348197293080568,0.10165597020838286
2020-03-22,73.0,杭州配送中心,001,12880,鲜椰青,22.0,53.0,20.0,0.05390835579514825,7.559289460184544,0.08355795148247978
2020-03-23,72.0,杭州配送中心,001,12880,鲜椰青,42.0,37.0,35.0,0.13513513513513514,13.228756555322953,0.019305019305019305
2020-03-24,76.0,杭州配送中心,001,12880,鲜椰青,0.0,28.0,48.0,0.24489795918367346,18.142294704442907,0.14285714285714285
2020-03-25,76.0,杭州配送中心,001,12880,鲜椰青,0.0,40.0,36.0,0.1285714285714286,13.60672102833218,0.14285714285714285
2020-03-19,961.0,杭州配送中心,001,13000,皇冠蜜梨,601.0,923.3283,37.67169999999999,0.005828556785892327,14.2385642378617,0.049870560666233237
2020-03-20,993.0,杭州配送中心,001,13000,皇冠蜜梨,216.0,906.3999999999995,86.60000000000048,0.013648972386836546,32.731723362599254,0.10881351658050685
2020-03-21,1052.0,杭州配送中心,001,13000,皇冠蜜梨,221.0,1133.9369,81.93689999999992,0.010322683236228947,30.969237228509723,0.11501482767062007
2020-03-22,1035.0,杭州配送中心,001,13000,皇冠蜜梨,124.0,1008.7922,26.20780000000002,0.0037113405799246183,9.905617315731233,0.12529724725695313
2020-03-23,981.0,杭州配送中心,001,13000,皇冠蜜梨,431.0,824.4841000000004,156.51589999999965,0.02711927893541455,59.157449661064774,0.06817840912361356
2020-03-24,985.0,杭州配送中心,001,13000,皇冠蜜梨,0.0,890.9154000000001,94.08459999999991,0.01508634505908993,35.5606362572839,0.14285714285714285
2020-03-25,989.0,杭州配送中心,001,13000,皇冠蜜梨,0.0,917.0329999999994,71.96700000000055,0.011211155978029238,27.200969229055264,0.14285714285714285
2020-03-19,4703.0,杭州配送中心,001,13020,冰糖蜜梨,2619.0,4725.365300000001,22.365300000001298,0.0006761472720729214,8.45328882819376,0.06367959077606734
2020-03-20,4854.0,杭州配送中心,001,13020,冰糖蜜梨,3669.0,6203.368000000003,1349.3680000000031,0.03107454807499047,510.0131650155161,0.05836387127582495
2020-03-21,3733.0,杭州配送中心,001,13020,冰糖蜜梨,2379.0,5015.289000000002,1282.2890000000016,0.03652514199224472,484.65968613052956,0.07509292371500713
2020-03-22,4567.0,杭州配送中心,001,13020,冰糖蜜梨,3599.0,5742.291999999995,1175.291999999995,0.029238996753013703,444.21862141195874,0.05332096860079059
2020-03-23,4485.0,杭州配送中心,001,13020,冰糖蜜梨,3022.0,4563.310199999997,78.31019999999717,0.002451547437772482,29.598473474246116,0.04825163352440322
2020-03-24,4802.0,杭州配送中心,001,13020,冰糖蜜梨,0.0,3873.6033999999972,928.3966000000028,0.034238942921798916,350.9009316625594,0.14285714285714285
2020-03-25,3676.0,杭州配送中心,001,13020,冰糖蜜梨,0.0,3890.3571999999967,214.35719999999674,0.00787137416144119,81.01940613373229,0.14285714285714285
2020-03-19,1163.0,杭州配送中心,001,13050,落地碎香梨,709.0,1101.8040000000005,61.19599999999946,0.007934519854970243,23.129913890272466,0.050929981324134954
2020-03-20,1185.0,杭州配送中心,001,13050,落地碎香梨,566.0,1315.1000000000008,130.10000000000082,0.014132548312458665,49.17317793850077,0.08137349685520931
2020-03-21,743.0,杭州配送中心,001,13050,落地碎香梨,696.0,1283.7180000000012,540.7180000000012,0.06017320671006301,204.3721939166038,0.06540354991182984
2020-03-22,1182.0,杭州配送中心,001,13050,落地碎香梨,553.0,1410.2140000000006,228.21400000000062,0.02311847705383727,86.25678424332803,0.0868372763687943
2020-03-23,1044.0,杭州配送中心,001,13050,落地碎香梨,450.0,1130.5840000000005,86.58400000000051,0.010940489921264519,32.72567593103113,0.08599651659167806
2020-03-24,1081.0,杭州配送中心,001,13050,落地碎香梨,0.0,1267.298,186.298,0.02100058549764933,70.41402539267301,0.14285714285714285
2020-03-25,907.0,杭州配送中心,001,13050,落地碎香梨,0.0,1250.2880000000002,343.28800000000024,0.03922387710442944,129.7506680103917,0.14285714285714285
2020-03-19,1618.0,杭州配送中心,001,13160,南水梨,146.0,1466.7179999999996,151.28200000000038,0.014734744024218935,57.17922140578206,0.12863686134621652
2020-03-20,2190.0,杭州配送中心,001,13160,南水梨,97.0,1572.756,617.2439999999999,0.05606573065733926,233.29630317810742,0.134046403710611
2020-03-21,2219.0,杭州配送中心,001,13160,南水梨,35.0,1522.0238999999988,696.9761000000012,0.06541816740572506,263.4322043365269,0.1395720433261828
2020-03-22,1725.0,杭州配送中心,001,13160,南水梨,62.0,1740.3384,15.338400000000092,0.00125906547830009,5.797370272804765,0.1377678206557004
2020-03-23,1876.0,杭州配送中心,001,13160,南水梨,1.0,1379.9959999999994,496.0040000000006,0.051346318602165805,187.47189047046896,0.14275362288834792
2020-03-24,1818.0,杭州配送中心,001,13160,南水梨,0.0,1332.7533,485.2466999999999,0.05201334496253517,183.40601324496654,0.14285714285714285
2020-03-25,2177.0,杭州配送中心,001,13160,南水梨,0.0,1351.9665000000002,825.0334999999998,0.087178142780482,311.83335204245816,0.14285714285714285
2020-03-19,2.0,杭州配送中心,001,13250,美国青提,3.0,0.0,2.0,inf,0.7559289460184544,inf
2020-03-20,2.0,杭州配送中心,001,13250,美国青提,8.0,0.0,2.0,inf,0.7559289460184544,inf
2020-03-21,2.0,杭州配送中心,001,13250,美国青提,36.0,0.0,2.0,inf,0.7559289460184544,inf
2020-03-22,2.0,杭州配送中心,001,13250,美国青提,3.0,0.0,2.0,inf,0.7559289460184544,inf
2020-03-23,1.0,杭州配送中心,001,13250,美国青提,2.0,0.0,1.0,inf,0.3779644730092272,inf
2020-03-24,1.0,杭州配送中心,001,13250,美国青提,0.0,0.0,1.0,inf,0.3779644730092272,
2020-03-25,2.0,杭州配送中心,001,13250,美国青提,0.0,0.0,2.0,inf,0.7559289460184544,
2020-03-19,101.0,杭州配送中心,001,13410,羊角蜜,64.0,223.48399999999995,122.48399999999995,0.07829515439903655,46.29460051206217,0.10194657591339232
2020-03-20,184.0,杭州配送中心,001,13410,羊角蜜,65.0,316.5589999999999,132.5589999999999,0.05982139190482656,50.10259257763012,0.11352386127072678
2020-03-21,157.0,杭州配送中心,001,13410,羊角蜜,77.0,305.1909999999999,148.19099999999992,0.06936686487197477,56.01093321971036,0.10681414027842985
2020-03-22,153.0,杭州配送中心,001,13410,羊角蜜,73.0,379.2982,226.2982,0.08523192117894123,85.53267990593672,0.11536275604336037
2020-03-23,149.0,杭州配送中心,001,13410,羊角蜜,77.0,308.4000000000001,159.4000000000001,0.07383731702797854,60.247536997670856,0.10718917917361499
2020-03-24,158.0,杭州配送中心,001,13410,羊角蜜,0.0,316.4782,158.47820000000002,0.07153650032496033,59.89912934645092,0.14285714285714285
2020-03-25,158.0,杭州配送中心,001,13410,羊角蜜,0.0,378.9969000000002,220.9969000000002,0.08330143522093644,83.52897684517296,0.14285714285714285
2020-03-19,22.759999999999998,杭州配送中心,001,13490,澳洲西梅,12.0,29.85,7.090000000000003,0.033931562574778674,2.6797681136354226,0.08542713567839197
2020-03-20,36.0,杭州配送中心,001,13490,澳洲西梅,7.0,42.8,6.799999999999997,0.022696929238985305,2.570158416462744,0.11949265687583445
2020-03-21,37.0,杭州配送中心,001,13490,澳洲西梅,8.0,27.44,9.559999999999999,0.04977092877967513,3.613340361968212,0.10120783007080383
2020-03-22,22.759999999999998,杭州配送中心,001,13490,澳洲西梅,12.0,32.34,9.580000000000005,0.04231822599169539,3.620899651428399,0.08984892658362047
2020-03-23,22.759999999999998,杭州配送中心,001,13490,澳洲西梅,20.0,18.23,4.529999999999998,0.03549878536164876,1.7121790627317985,0.013870386333359451
2020-03-24,22.759999999999998,杭州配送中心,001,13490,澳洲西梅,0.0,23.55,0.7900000000000027,0.004792235365483789,0.29859193367729053,0.14285714285714285
2020-03-25,45.0,杭州配送中心,001,13490,澳洲西梅,0.0,,,,,
