,Account_date
0,2018-05-20
1,2018-05-21
2,2018-05-22
3,2018-05-23
4,2018-05-24
5,2018-05-25
6,2018-05-26
7,2018-05-27
8,2018-05-28
9,2018-05-29
10,2018-05-30
11,2018-05-31
12,2018-06-01
13,2018-06-02
14,2018-06-03
15,2018-06-04
16,2018-06-05
17,2018-06-06
18,2018-06-07
19,2018-06-08
20,2018-06-09
21,2018-06-10
22,2018-06-11
23,2018-06-12
24,2018-06-13
25,2018-06-14
26,2018-06-15
27,2018-06-16
28,2018-06-17
29,2018-06-18
30,2018-06-19
31,2018-06-20
32,2018-06-21
33,2018-06-22
34,2018-06-23
35,2018-06-24
36,2018-06-25
37,2018-06-26
38,2018-06-27
39,2018-06-28
40,2018-06-29
41,2018-06-30
42,2018-07-01
43,2018-07-02
44,2018-07-03
45,2018-07-04
46,2018-07-05
47,2018-07-06
48,2018-07-07
49,2018-07-08
50,2018-07-09
51,2018-07-10
52,2018-07-11
53,2018-07-12
54,2018-07-13
55,2018-07-14
56,2018-07-15
57,2018-07-16
58,2018-07-17
59,2018-07-18
60,2018-07-19
61,2018-07-20
62,2018-07-21
63,2018-07-22
64,2018-07-23
65,2018-07-24
66,2018-07-25
67,2018-07-26
68,2018-07-27
69,2018-07-28
70,2018-07-29
71,2018-07-30
72,2018-07-31
73,2018-08-01
74,2018-08-02
75,2018-08-03
76,2018-08-04
77,2018-08-05
78,2018-08-06
79,2018-08-07
80,2018-08-08
81,2018-08-09
82,2018-08-10
83,2018-08-11
84,2018-08-12
85,2018-08-13
86,2018-08-14
87,2018-08-15
88,2018-08-16
89,2018-08-17
90,2018-08-18
91,2018-08-19
92,2018-08-20
93,2018-08-21
94,2018-08-22
95,2018-08-23
96,2018-08-24
97,2018-08-25
98,2018-08-26
99,2018-08-27
100,2018-08-28
101,2018-08-29
102,2018-08-30
103,2018-08-31
104,2018-09-01
105,2018-09-02
106,2018-09-03
107,2018-09-04
108,2018-09-05
109,2018-09-06
110,2018-09-07
111,2018-09-08
112,2018-09-09
113,2018-09-10
114,2018-09-11
115,2018-09-12
116,2018-09-13
117,2018-09-14
118,2018-09-15
119,2018-09-16
120,2018-09-17
121,2018-09-18
122,2018-09-19
123,2018-09-20
124,2018-09-21
125,2018-09-22
126,2018-09-23
127,2018-09-24
128,2018-09-25
129,2018-09-26
130,2018-09-27
131,2018-09-28
132,2018-09-29
133,2018-09-30
134,2018-10-01
135,2018-10-02
136,2018-10-03
137,2018-10-04
138,2018-10-05
139,2018-10-06
140,2018-10-07
141,2018-10-08
142,2018-10-09
143,2018-10-10
144,2018-10-11
145,2018-10-12
146,2018-10-13
147,2018-10-14
148,2018-10-15
149,2018-10-16
150,2018-10-17
151,2018-10-18
152,2018-10-19
153,2018-10-20
154,2018-10-21
155,2018-10-22
156,2018-10-23
157,2018-10-24
158,2018-10-25
159,2018-10-26
160,2018-10-27
161,2018-10-28
162,2018-10-29
163,2018-10-30
164,2018-10-31
165,2018-11-01
166,2018-11-02
167,2018-11-03
168,2018-11-04
169,2018-11-05
170,2018-11-06
171,2018-11-07
172,2018-11-08
173,2018-11-09
174,2018-11-10
175,2018-11-11
176,2018-11-12
177,2018-11-13
178,2018-11-14
179,2018-11-15
180,2018-11-16
181,2018-11-17
182,2018-11-18
183,2018-11-19
184,2018-11-20
185,2018-11-21
186,2018-11-22
187,2018-11-23
188,2018-11-24
189,2018-11-25
190,2018-11-26
191,2018-11-27
192,2018-11-28
193,2018-11-29
194,2018-11-30
195,2018-12-01
196,2018-12-02
197,2018-12-03
198,2018-12-04
199,2018-12-05
200,2018-12-06
201,2018-12-07
202,2018-12-08
203,2018-12-09
204,2018-12-10
205,2018-12-11
206,2018-12-12
207,2018-12-13
208,2018-12-14
209,2018-12-15
210,2018-12-16
211,2018-12-17
212,2018-12-18
213,2018-12-19
214,2018-12-20
215,2018-12-21
216,2018-12-22
217,2018-12-23
218,2018-12-24
219,2018-12-25
220,2018-12-26
221,2018-12-27
222,2018-12-28
223,2018-12-29
224,2018-12-30
225,2018-12-31
226,2019-01-01
227,2019-01-02
228,2019-01-03
229,2019-01-04
230,2019-01-05
231,2019-01-06
232,2019-01-07
233,2019-01-08
234,2019-01-09
235,2019-01-10
236,2019-01-11
237,2019-01-12
238,2019-01-13
239,2019-01-14
240,2019-01-15
241,2019-01-16
242,2019-01-17
243,2019-01-18
244,2019-01-19
245,2019-01-20
246,2019-01-21
247,2019-01-22
248,2019-01-23
249,2019-01-24
250,2019-01-25
251,2019-01-26
252,2019-01-27
253,2019-01-28
254,2019-01-29
255,2019-01-30
256,2019-01-31
257,2019-02-01
258,2019-02-02
259,2019-02-03
260,2019-02-04
261,2019-02-05
262,2019-02-06
263,2019-02-07
264,2019-02-08
265,2019-02-09
266,2019-02-10
267,2019-02-11
268,2019-02-12
269,2019-02-13
270,2019-02-14
271,2019-02-15
272,2019-02-16
273,2019-02-17
274,2019-02-18
275,2019-02-19
276,2019-02-20
277,2019-02-21
278,2019-02-22
279,2019-02-23
280,2019-02-24
281,2019-02-25
282,2019-02-26
283,2019-02-27
284,2019-02-28
285,2019-03-01
286,2019-03-02
287,2019-03-03
288,2019-03-04
289,2019-03-05
290,2019-03-06
291,2019-03-07
292,2019-03-08
293,2019-03-09
294,2019-03-10
295,2019-03-11
296,2019-03-12
297,2019-03-13
298,2019-03-14
299,2019-03-15
300,2019-03-16
301,2019-03-17
302,2019-03-18
303,2019-03-19
304,2019-03-20
305,2019-03-21
306,2019-03-22
307,2019-03-23
308,2019-03-24
309,2019-03-25
310,2019-03-26
311,2019-03-27
312,2019-03-28
313,2019-03-29
314,2019-03-30
315,2019-03-31
316,2019-04-01
317,2019-04-02
318,2019-04-03
319,2019-04-04
320,2019-04-05
321,2019-04-06
322,2019-04-07
323,2019-04-08
324,2019-04-09
325,2019-04-10
326,2019-04-11
327,2019-04-12
328,2019-04-13
329,2019-04-14
330,2019-04-15
331,2019-04-16
332,2019-04-17
333,2019-04-18
334,2019-04-19
335,2019-04-20
336,2019-04-21
337,2019-04-22
338,2019-04-23
339,2019-04-24
340,2019-04-25
341,2019-04-26
342,2019-04-27
343,2019-04-28
344,2019-04-29
345,2019-04-30
346,2019-05-01
347,2019-05-02
348,2019-05-03
349,2019-05-04
350,2019-05-05
351,2019-05-06
352,2019-05-07
353,2019-05-08
354,2019-05-09
355,2019-05-10
356,2019-05-11
357,2019-05-12
358,2019-05-13
359,2019-05-14
360,2019-05-15
361,2019-05-16
362,2019-05-17
363,2019-05-18
364,2019-05-19
365,2019-05-20
366,2019-05-21
367,2019-05-22
368,2019-05-23
369,2019-05-24
370,2019-05-25
371,2019-05-26
372,2019-05-27
373,2019-05-28
374,2019-05-29
375,2019-05-30
376,2019-05-31
377,2019-06-01
378,2019-06-02
379,2019-06-03
380,2019-06-04
381,2019-06-05
382,2019-06-06
383,2019-06-07
384,2019-06-08
385,2019-06-09
386,2019-06-10
387,2019-06-11
388,2019-06-12
389,2019-06-13
390,2019-06-14
391,2019-06-15
392,2019-06-16
393,2019-06-17
394,2019-06-18
395,2019-06-19
396,2019-06-20
397,2019-06-21
398,2019-06-22
399,2019-06-23
400,2019-06-24
401,2019-06-25
402,2019-06-26
403,2019-06-27
404,2019-06-28
405,2019-06-29
406,2019-06-30
407,2019-07-01
408,2019-07-02
409,2019-07-03
410,2019-07-04
411,2019-07-05
412,2019-07-06
413,2019-07-07
414,2019-07-08
415,2019-07-09
416,2019-07-10
417,2019-07-11
418,2019-07-12
419,2019-07-13
420,2019-07-14
421,2019-07-15
422,2019-07-16
423,2019-07-17
424,2019-07-18
425,2019-07-19
426,2019-07-20
427,2019-07-21
428,2019-07-22
429,2019-07-23
430,2019-07-24
431,2019-07-25
432,2019-07-26
433,2019-07-27
434,2019-07-28
435,2019-07-29
436,2019-07-30
437,2019-07-31
438,2019-08-01
439,2019-08-02
440,2019-08-03
441,2019-08-04
442,2019-08-05
443,2019-08-06
444,2019-08-07
445,2019-08-08
446,2019-08-09
447,2019-08-10
448,2019-08-11
449,2019-08-12
450,2019-08-13
451,2019-08-14
452,2019-08-15
453,2019-08-16
454,2019-08-17
